ordinal,local_exact,counter,event,no_placement_expected,f1_blank_mean,f1_blank_noise,f1_active_top_line,f1_top_line,f1_top_valid,f1_top_status,f1_bottom_line,f1_bottom_valid,f1_bottom_censored,f1_visible_height,f1_height_valid,f1_line21_lines,f1_line21_bytes,f1_line21_unique_line,f1_line21_implied_top,f1_gap_line,f1_gap_valid,f1_gap_implied_top,f1_body_shift,f1_body_mad,f1_body_second_mad,f1_body_ratio,f1_body_unique,f1_static_fraction,f1_band_shifts,f1_band_mads,f1_repeated,f2_blank_mean,f2_blank_noise,f2_active_top_line,f2_top_line,f2_top_valid,f2_top_status,f2_bottom_line,f2_bottom_valid,f2_bottom_censored,f2_visible_height,f2_height_valid,f2_line21_lines,f2_line21_bytes,f2_line21_unique_line,f2_line21_implied_top,f2_gap_line,f2_gap_valid,f2_gap_implied_top,f2_body_shift,f2_body_mad,f2_body_second_mad,f2_body_ratio,f2_body_unique,f2_static_fraction,f2_band_shifts,f2_band_mads,f2_repeated,comb_crop_f1_line,comb_crop_f2_line,comb_best_shift,comb_best_energy,comb_second_energy,comb_ratio,comb_static_fraction,comb_valid
61586,0,553,Program,0,1.0,0.25,23,25,1,measured,262,0,1,238,0,21 23,8080 ae80,23,25,24,1,25,-128,nan,nan,nan,0,0.0,-128 -128 -128,nan nan nan,0,1.0,0.25,286,288,1,measured,525,0,1,238,0,284,8080,-1,-1,287,1,288,-128,nan,nan,nan,0,0.0,-128 -128 -128,nan nan nan,0,23,286,-128,nan,nan,nan,0.0,0
61587,1,554,Program,0,1.0,0.25,23,25,1,measured,262,0,1,238,0,21 23,8080 942c,23,25,24,1,25,0,24.14242172241211,25.035789489746094,0.9643163732583755,1,0.50171875,1 0 0,3.500 45.667 8.917,0,1.0,0.25,286,288,1,measured,525,0,1,238,0,284,8080,-1,-1,287,1,288,0,16.506288528442383,17.47980499267578,0.9443062171093264,1,0.6409375,1 -1 0,4.482 28.915 6.454,0,23,286,0,4.094482898712158,4.775667667388916,0.8573634481879276,0.4436715481171548,1
61588,2,555,Program,0,1.0,0.25,23,25,1,measured,262,0,1,238,0,21 23,8080 942c,23,25,24,1,25,0,22.392295837402344,23.465173721313477,0.9542778631578323,1,0.508046875,0 0 0,3.769 41.336 7.280,0,1.0,0.25,286,288,1,measured,525,0,1,238,0,284,8080,-1,-1,287,1,288,0,17.711122512817383,18.391803741455078,0.9629899688901398,1,0.641484375,0 1 0,5.524 29.647 6.837,0,23,286,0,6.515450477600098,7.366464614868164,0.8844745503086494,0.4827928870292887,1
61589,3,556,Program,0,1.0,0.25,23,25,1,measured,262,0,1,238,0,21 23,8080 942f,23,25,24,1,25,0,23.234111785888672,23.75868797302246,0.9779206584248492,1,0.543984375,0 -1 0,5.442 41.281 6.854,0,1.0,0.25,286,288,1,measured,525,0,1,238,0,284,8080,-1,-1,287,1,288,0,16.242773056030273,17.718740463256836,0.9167002073151158,1,0.625703125,0 0 0,5.812 26.896 6.159,0,23,286,0,7.545730113983154,8.41990852355957,0.896177208204769,0.49257322175732215,1
61590,4,557,Program,0,1.0,0.25,23,25,1,measured,262,0,1,238,0,21 23,8080 942f,23,25,24,1,25,0,23.922626495361328,24.98360824584961,0.957532885560494,1,0.5215625,0 0 0,5.709 43.002 7.533,0,1.0,0.25,286,288,1,measured,525,0,1,238,0,284,8080,-1,-1,287,1,288,0,15.9541597366333,16.74590301513672,0.9527201801068741,1,0.60234375,0 -1 0,5.968 25.537 9.066,0,23,286,0,8.352724075317383,9.041190147399902,0.92385227377609,0.4729602510460251,1
61591,5,558,Program,0,1.0,0.25,23,25,1,measured,262,0,1,238,0,21 23,8080 8080,23,25,24,1,25,0,24.089784622192383,24.726041793823242,0.9742677304788103,1,0.63265625,0 -2 0,10.001 38.041 8.493,0,1.0,0.25,286,288,1,measured,525,0,1,238,0,284,8080,-1,-1,287,1,288,0,17.007802963256836,17.977554321289062,0.9460576594178973,1,0.5975,0 0 0,6.695 26.952 8.191,0,23,286,0,7.213181972503662,8.326528549194336,0.8662892260426586,0.47055439330543936,1
61592,6,559,Program,0,1.0,0.25,23,25,1,measured,262,0,1,238,0,21 23,8080 8080,23,25,24,1,25,0,24.535888671875,24.5849552154541,0.9980042044759041,1,0.518515625,0 -1 0,6.299 40.878 8.173,0,1.0,0.25,286,288,1,measured,525,0,1,238,0,284,8080,-1,-1,287,1,288,0,16.25137710571289,17.41568374633789,0.9331460850126068,1,0.5353125,0 0 0,5.508 26.195 6.927,0,23,286,0,6.998248100280762,7.636129379272461,0.9164653651988707,0.414173640167364,1
61593,7,560,Program,0,1.0,0.25,23,25,1,measured,262,0,1,238,0,21 23,8080 8080,23,25,24,1,25,0,24.569658279418945,25.51319694519043,0.9630176230835175,1,0.5025,0 0 0,6.225 41.247 12.195,0,1.0,0.25,286,288,1,measured,525,0,1,238,0,284,8080,-1,-1,287,1,288,0,18.600645065307617,19.449851989746094,0.9563386433538839,1,0.625390625,0 0 0,7.499 27.690 12.632,0,23,286,0,5.3846869468688965,6.306600093841553,0.8538177253584047,0.5105648535564854,1
61594,8,561,Program,0,1.0,0.25,23,25,1,measured,262,0,1,238,0,21 23,8080 8080,23,25,24,1,25,0,27.096054077148438,27.52413558959961,0.9844470497154167,1,0.55015625,0 0 0,7.461 45.428 9.129,0,1.0,0.25,286,288,1,measured,525,0,1,238,0,284,8080,-1,-1,287,1,288,0,19.52425765991211,20.486202239990234,0.9530442700501924,1,0.519375,0 0 0,5.160 31.508 12.031,0,23,286,0,5.081158638000488,6.006971836090088,0.8458768871651299,0.490010460251046,1
61595,9,562,Program,0,1.0,0.25,23,25,1,measured,262,0,1,238,0,21 23,8080 8080,23,25,24,1,25,0,24.686307907104492,25.534669876098633,0.9667760745249251,1,0.575234375,0 0 0,7.079 40.997 9.788,0,1.0,0.25,286,288,1,measured,525,0,1,238,0,284,8080,-1,-1,287,1,288,0,19.142499923706055,20.22818374633789,0.9463281609339549,1,0.61421875,0 0 0,6.285 29.010 10.332,0,23,286,0,6.190824508666992,7.2554521560668945,0.8532651550172958,0.5279811715481172,1
61596,10,563,Program,0,1.0,0.25,23,25,1,measured,262,0,1,238,0,21 23,8080 8080,23,25,24,1,25,0,23.20232391357422,23.712892532348633,0.9784687330709273,1,0.498671875,0 0 0,4.170 40.270 12.007,0,1.0,0.25,286,288,1,measured,525,0,1,238,0,284,8080,-1,-1,287,1,288,0,17.92977523803711,18.857685089111328,0.9507940743156218,1,0.66046875,0 0 0,6.635 25.407 10.785,0,23,286,0,3.227130889892578,4.037700653076172,0.7992496638981765,0.47798117154811715,1
61597,11,564,Program,0,1.0,0.25,23,25,1,measured,262,0,1,238,0,21 23,8080 8080,23,25,24,1,25,0,23.05337905883789,23.942129135131836,0.9628792380461342,1,0.49875,0 0 0,3.288 40.149 18.108,0,1.0,0.25,286,287,1,measured,525,0,1,239,0,284,8080,-1,-1,286,1,287,0,20.338651657104492,20.885032653808594,0.9738386333523656,1,0.726171875,0 -1 0,9.211 26.331 13.606,0,23,286,0,9.242600440979004,9.883455276489258,0.9351588267885708,0.5080020920502092,1
61598,12,565,Program,0,1.0,0.25,23,25,1,measured,262,0,1,238,0,21 23,8080 8080,23,25,24,1,25,0,22.934131622314453,23.462696075439453,0.9774721348550265,1,0.5646875,0 -1 0,4.144 38.700 12.163,0,1.0,0.25,286,287,1,measured,525,0,1,239,0,284,8080,-1,-1,286,1,287,0,17.360546112060547,18.002859115600586,0.9643216113943015,1,0.596640625,0 1 0,3.186 26.433 12.231,0,23,286,0,5.3226118087768555,6.356463432312012,0.8373542718298754,0.4574267782426778,1
61599,13,566,Program,0,1.0,0.25,23,25,1,measured,262,0,1,238,0,21 23,8080 8080,23,25,24,1,25,0,24.107919692993164,25.087814331054688,0.9609414106334256,1,0.536015625,0 0 0,3.053 43.079 10.133,0,1.0,0.25,286,287,1,measured,525,0,1,239,0,284,8080,-1,-1,286,1,287,0,15.50357437133789,16.01608657836914,0.9680001600563627,1,0.532578125,0 0 0,2.317 22.200 13.519,0,23,286,0,6.250476837158203,6.951869487762451,0.8991073333814844,0.39089958158995813,1
61600,14,567,Program,0,1.0,0.25,23,25,1,measured,262,0,1,238,0,21 23,8080 8080,23,25,24,1,25,0,22.495214462280273,22.99941062927246,0.9780778657714614,1,0.552421875,0 -2 0,3.555 38.362 11.165,0,1.0,0.25,286,287,1,measured,525,0,1,239,0,284,8080,-1,-1,286,1,287,0,15.804062843322754,16.42620849609375,0.9621248170008955,1,0.63,0 1 0,4.251 20.921 13.303,0,23,286,0,3.3160006999969482,4.415989875793457,0.7509076771606356,0.46689330543933055,1
61601,15,568,Program,0,1.0,0.25,23,25,1,measured,262,0,1,238,0,21 23,8080 8080,23,25,24,1,25,0,25.600147247314453,26.267541885375977,0.9745924212865504,1,0.53390625,0 0 0,4.235 45.331 12.348,0,1.0,0.25,286,287,1,measured,525,0,1,239,0,284,8080,-1,-1,286,1,287,0,17.351816177368164,17.74345588684082,0.9779276533291854,1,0.640078125,0 0 0,4.902 22.755 13.784,0,23,286,0,7.64871883392334,8.442102432250977,0.9060206145691019,0.45726987447698747,1
61602,16,569,Program,0,1.0,0.25,23,25,1,measured,262,0,1,238,0,21 23,8080 8080,23,25,24,1,25,0,24.278545379638672,24.946266174316406,0.9732336378513755,1,0.48046875,0 0 0,3.685 42.362 11.784,0,1.0,0.25,286,287,1,measured,525,0,1,239,0,284,8080,-1,-1,286,1,287,0,16.627588272094727,17.15141487121582,0.969458694629316,1,0.514921875,0 0 0,3.203 22.905 14.177,0,23,286,0,6.574849605560303,7.3155364990234375,0.8987515278528089,0.3740062761506276,1
61603,17,570,Program,0,1.0,0.25,23,25,1,measured,262,0,1,238,0,21 23,8080 8080,23,25,24,1,25,0,21.512676239013672,22.249635696411133,0.9668776843156882,1,0.506484375,0 0 0,3.910 35.827 14.352,0,1.0,0.25,286,288,1,measured,525,0,1,238,0,284,8080,-1,-1,287,1,288,0,16.857929229736328,17.023408889770508,0.9902792877087258,1,0.640703125,0 1 0,5.355 20.528 14.185,0,23,286,0,3.1907966136932373,4.144447326660156,0.7698967708354426,0.4323221757322176,1
61604,18,571,Program,0,1.0,0.25,23,25,1,measured,262,0,1,238,0,21 23,8080 8080,23,25,24,1,25,0,23.952255249023438,24.737804412841797,0.9682449925341569,1,0.515,0 0 0,4.446 39.774 15.431,0,1.0,0.25,286,288,1,measured,525,0,1,238,0,284,8080,-1,-1,287,1,288,0,15.753681182861328,16.352092742919922,0.9634045886684631,1,0.523046875,0 0 0,3.825 19.601 17.403,0,23,286,0,3.794858932495117,4.620089530944824,0.8213821197787601,0.402092050209205,1
61605,19,572,Program,0,1.0,0.25,23,25,1,measured,262,0,1,238,0,21 23,8080 8080,23,25,24,1,25,0,23.907852172851562,24.378036499023438,0.9807127893097252,1,0.517265625,0 0 0,4.534 38.652 17.558,0,1.0,0.25,286,288,1,measured,525,0,1,238,0,284,8080,-1,-1,287,1,288,0,16.359209060668945,17.12835121154785,0.9550953771685652,1,0.634609375,0 0 0,5.652 19.053 18.682,0,23,286,0,7.032959461212158,7.631152629852295,0.9216116886065068,0.45889121338912137,1
61606,20,573,Program,0,1.0,0.25,23,25,1,measured,262,0,1,238,0,21 23,8080 8080,23,25,24,1,25,0,24.360830307006836,24.607654571533203,0.9899696143812137,1,0.581640625,0 1 0,5.564 37.998 18.437,0,1.0,0.25,286,288,1,measured,525,0,1,238,0,284,8080,-1,-1,287,1,288,0,15.9387788772583,16.595134735107422,0.9604488985280376,1,0.66234375,0 0 0,5.716 19.009 17.536,0,23,286,0,3.016634702682495,3.811164617538452,0.7915256897590726,0.4832112970711297,1
61607,21,574,Program,0,1.0,0.25,23,25,1,measured,262,0,1,238,0,21 23,8080 8080,23,25,24,1,25,0,21.98306655883789,22.363698959350586,0.9829798996487766,1,0.560703125,0 -1 0,4.262 36.068 15.050,0,1.0,0.25,286,288,1,measured,525,0,1,238,0,284,8080,-1,-1,287,1,288,0,15.687695503234863,16.31954574584961,0.9612826084466574,1,0.63265625,0 -1 0,4.318 20.253 17.663,0,23,286,0,5.020664215087891,5.505294322967529,0.9119701728102326,0.45067991631799165,1
61608,22,575,Program,0,1.0,0.25,23,25,1,measured,262,0,1,238,0,21 23,8080 8080,23,25,24,1,25,0,21.882295608520508,22.34654998779297,0.9792247850551399,1,0.638828125,0 0 0,6.794 33.173 17.100,0,1.0,0.25,286,288,1,measured,525,0,1,238,0,284,8080,-1,-1,287,1,288,0,14.840576171875,15.220341682434082,0.9750488183194091,1,0.614921875,0 0 0,3.734 18.783 16.053,0,23,286,0,2.824198007583618,3.6408631801605225,0.7756946272996454,0.396234309623431,1
61609,23,576,Program,0,1.0,0.25,23,25,1,measured,262,0,1,238,0,21 23,8080 8080,23,25,24,1,25,0,20.06316375732422,20.30179786682129,0.9882456661689523,1,0.520078125,0 0 0,2.979 31.598 17.755,0,1.0,0.25,286,287,1,measured,525,0,1,239,0,284,8080,-1,-1,286,1,287,0,14.0184965133667,14.856328964233398,0.9436043417668133,1,0.552890625,0 0 0,2.960 18.659 16.352,0,23,286,0,2.430062770843506,3.0920345783233643,0.785910606524068,0.3876569037656904,1
61610,24,577,Program,0,1.0,0.25,23,25,1,measured,262,0,1,238,0,21 23,8080 8080,23,25,24,1,25,0,20.33951187133789,20.948741912841797,0.9709180606626099,1,0.589296875,0 0 0,4.330 31.634 16.778,0,1.0,0.25,286,287,1,measured,525,0,1,239,0,284,8080,-1,-1,286,1,287,0,15.662822723388672,16.528881072998047,0.9476033286352221,1,0.572734375,0 0 0,3.005 21.289 15.281,0,23,286,0,5.927741050720215,6.887478828430176,0.8606547037577307,0.4290794979079498,1
61611,25,578,Program,0,1.0,0.25,23,25,1,measured,262,0,1,238,0,21 23,8080 8080,23,25,24,1,25,0,19.553466796875,20.104421615600586,0.9725953410020979,1,0.5525,0 -1 0,2.942 31.121 17.358,0,1.0,0.25,286,288,1,measured,525,0,1,238,0,284,8080,-1,-1,287,1,288,0,15.607812881469727,16.43953514099121,0.9494071911165162,1,0.53078125,0 0 0,2.512 21.438 16.828,0,23,286,0,4.524816989898682,5.383062839508057,0.8405655153585746,0.36051255230125523,1
61612,26,579,Program,0,1.0,0.25,23,25,1,measured,262,0,1,238,0,21 23,8080 8080,23,25,24,1,25,0,20.21746063232422,20.782054901123047,0.9728326062323934,1,0.537109375,0 0 0,2.788 32.087 18.408,0,1.0,0.25,286,288,1,measured,525,0,1,238,0,284,8080,-1,-1,287,1,288,0,15.306562423706055,16.03240966796875,0.9547262539259541,1,0.603125,0 0 0,3.847 19.995 15.901,0,23,286,0,3.7949626445770264,4.468222141265869,0.8493227338741701,0.4482740585774059,1
61613,27,580,Program,0,1.0,0.25,23,25,1,measured,262,0,1,238,0,21 23,8080 8080,23,25,24,1,25,0,19.407665252685547,20.208833694458008,0.9603555329374515,1,0.61859375,0 0 0,4.201 28.925 18.652,0,1.0,0.25,286,288,1,measured,525,0,1,238,0,284,8080,-1,-1,287,1,288,0,13.405420303344727,14.233902931213379,0.9417951188881666,1,0.569609375,0 0 0,2.630 17.323 16.396,0,23,286,0,5.874020576477051,6.348235130310059,0.9252997811046979,0.4271966527196653,1
61614,28,581,Program,0,1.0,0.25,23,25,1,measured,262,0,1,238,0,21 23,8080 8080,23,25,24,1,25,0,17.457538604736328,18.12453842163086,0.9631990729155069,1,0.61578125,0 0 0,4.055 25.514 18.611,0,1.0,0.25,286,288,1,measured,525,0,1,238,0,284,8080,-1,-1,287,1,288,0,12.687753677368164,13.624764442443848,0.9312273787166031,1,0.630703125,0 0 0,3.301 15.536 15.307,0,23,286,0,3.0587217807769775,3.7600622177124023,0.8134763745047506,0.4819037656903766,1
61615,29,582,Program,0,1.0,0.25,23,25,1,measured,262,0,1,238,0,21 23,8080 8080,23,25,24,1,25,0,18.12264633178711,18.97404670715332,0.9551281606656302,1,0.5659375,0 0 0,3.107 27.612 21.785,0,1.0,0.25,286,288,1,measured,525,0,1,238,0,284,8080,-1,-1,287,1,288,0,12.173173904418945,13.026031494140625,0.9345266752882248,1,0.575859375,0 0 0,2.685 16.120 14.195,0,23,286,0,2.6013166904449463,3.112342357635498,0.8358067306005541,0.42897489539748956,1
61616,30,583,Program,0,1.0,0.25,23,25,1,measured,262,0,1,238,0,21 23,8080 8080,23,25,24,1,25,0,19.0316104888916,19.544761657714844,0.9737448234053707,1,0.536796875,0 0 0,2.757 29.890 20.202,0,1.0,0.25,286,288,1,measured,525,0,1,238,0,284,8080,-1,-1,287,1,288,0,13.116181373596191,13.679244995117188,0.9588381068018021,1,0.684296875,0 0 0,3.790 16.214 14.352,0,23,286,0,4.21217155456543,4.724897861480713,0.8914841501452896,0.4360355648535565,1
61617,31,584,Program,0,1.0,0.25,23,25,1,measured,262,0,1,238,0,21 23,8080 8080,23,25,24,1,25,0,19.418066024780273,19.869556427001953,0.9772772782381733,1,0.514453125,0 0 0,2.626 29.074 26.426,0,1.0,0.25,286,288,1,measured,525,0,1,238,0,284,8080,-1,-1,287,1,288,0,13.988945007324219,14.859689712524414,0.9414022283072108,1,0.62578125,0 0 0,3.193 17.522 16.815,0,23,286,0,5.637301921844482,6.023872375488281,0.9358269183761609,0.41956066945606696,1
61618,32,585,Program,0,1.0,0.25,23,25,1,measured,262,0,1,238,0,21 23,8080 8080,23,25,24,1,25,0,21.20743179321289,21.41410255432129,0.9903488478873147,1,0.6084375,-1 1 0,4.227 31.474 21.368,0,1.0,0.25,286,288,1,measured,525,0,1,238,0,284,8080,-1,-1,287,1,288,0,15.622920036315918,16.50674057006836,0.9464569925237044,1,0.639375,-1 0 0,4.201 21.069 16.278,0,23,286,0,3.2296950817108154,3.821441650390625,0.8451509606016563,0.5011506276150628,1
61619,33,586,Program,0,1.0,0.25,23,25,1,measured,262,0,1,238,0,21 23,8080 8080,23,25,24,1,25,0,20.80575180053711,21.420047760009766,0.9713214477224688,1,0.63921875,-1 0 0,5.396 30.411 19.467,0,1.0,0.25,286,288,1,measured,525,0,1,238,0,284,8080,-1,-1,287,1,288,0,13.895360946655273,14.717069625854492,0.9441662844513784,1,0.65640625,-1 0 0,4.173 17.206 14.812,0,23,286,0,6.714808464050293,7.267195224761963,0.9239890021353095,0.4780857740585774,1
61620,34,587,Program,0,1.0,0.25,23,25,1,measured,262,0,1,238,0,21 23,8080 8080,23,25,24,1,25,0,20.045215606689453,20.679412841796875,0.9693319515423768,1,0.592109375,0 0 0,3.890 30.955 20.005,0,1.0,0.25,286,288,1,measured,525,0,1,238,0,284,8080,-1,-1,287,1,288,0,14.380976676940918,15.273201942443848,0.9415823041648224,1,0.61296875,0 0 0,3.602 18.981 15.223,0,23,286,0,3.237842321395874,3.7990124225616455,0.8522852681836247,0.45465481171548117,1
61621,35,588,Program,0,1.0,0.25,23,25,1,measured,262,0,1,238,0,21 23,8080 8080,23,25,24,1,25,0,19.174278259277344,19.69428062438965,0.9735962752318901,1,0.524609375,0 0 0,2.538 29.626 21.029,0,1.0,0.25,286,288,1,measured,525,0,1,238,0,284,8080,-1,-1,287,1,288,0,15.768632888793945,16.547542572021484,0.9529289814582791,1,0.60984375,0 0 0,3.217 20.947 18.695,0,23,286,0,5.466192722320557,5.721712589263916,0.9553420653419729,0.4052301255230126,1
61622,36,589,Program,0,1.0,0.25,23,25,1,measured,262,0,1,238,0,21 23,8080 8080,23,25,24,1,25,0,18.786659240722656,19.083667755126953,0.9844365077921405,1,0.5375,0 1 0,2.114 28.870 22.558,0,1.0,0.25,286,288,1,measured,525,0,1,238,0,284,8080,-1,-1,287,1,288,0,14.02694320678711,14.766430854797363,0.9499210299847097,1,0.568125,0 0 0,2.128 19.323 16.271,0,23,286,0,5.118157863616943,5.30823278427124,0.9641924293114075,0.41182008368200834,1
61623,37,590,Program,0,1.0,0.25,23,25,1,measured,262,0,1,238,0,21 23,8080 8080,23,25,24,1,25,0,18.095420837402344,18.76785659790039,0.9641708813688786,1,0.589296875,0 -1 0,2.482 28.315 21.230,0,1.0,0.25,286,288,1,measured,525,0,1,238,0,284,8080,-1,-1,287,1,288,0,15.4492769241333,15.861841201782227,0.9739901394547709,1,0.641796875,0 0 0,3.291 19.047 17.614,0,23,286,0,6.21550989151001,6.598121166229248,0.9420120872169591,0.45397489539748953,1
61624,38,591,Program,0,1.0,0.25,23,25,1,measured,262,0,1,238,0,21 23,8080 8080,23,25,24,1,25,1,20.78910255432129,20.81525421142578,0.9987436301839573,1,0.5872641509433962,0 1 0,2.842 32.439 23.169,0,1.0,0.25,286,288,1,measured,525,0,1,238,0,284,8080,-1,-1,287,1,288,0,14.239160537719727,14.528233528137207,0.9801026745710257,1,0.523046875,0 1 0,2.098 17.691 18.950,0,23,286,0,3.918182134628296,4.493709564208984,0.8719259842325843,0.3868200836820084,1
61625,39,592,Program,0,1.0,0.25,23,25,1,measured,262,0,1,238,0,21 23,8080 8080,23,25,24,1,25,0,18.828575134277344,19.13506317138672,0.9839829095747289,1,0.539296875,0 1 0,2.337 29.260 20.990,0,1.0,0.25,286,288,1,measured,525,0,1,238,0,284,8080,-1,-1,287,1,288,0,14.512324333190918,14.753881454467773,0.9836275544152683,1,0.5025,1 0 3,2.294 19.619 18.981,0,23,286,0,3.814842462539673,3.924067735671997,0.9721652936468439,0.3669979079497908,1
61626,40,593,Program,0,1.0,0.25,23,25,1,measured,262,0,1,238,0,21 23,8080 8080,23,25,24,1,25,3,17.23086166381836,17.657337188720703,0.9758471212083569,1,0.5882961783439491,2 3 3,3.395 24.885 28.345,0,1.0,0.25,286,288,1,measured,525,0,1,238,0,284,8080,-1,-1,287,1,288,3,14.741988182067871,15.056971549987793,0.9790805629887653,1,0.5443471337579617,2 3 3,2.531 18.066 30.532,0,23,286,0,5.629574298858643,5.641505241394043,0.9978851490825785,0.4073221757322176,1
61627,41,594,Program,0,1.0,0.25,23,25,1,measured,262,0,1,238,0,21 23,8080 8080,23,25,24,1,25,3,17.01068878173828,17.457901000976562,0.9743833912671824,1,0.563375796178344,2 3 3,2.539 24.736 32.756,0,1.0,0.25,286,287,1,measured,525,0,1,239,0,284,8080,-1,-1,286,1,287,3,12.479180335998535,13.236283302307129,0.9428009397338429,1,0.5729299363057325,2 3 3,2.235 14.525 34.128,0,23,286,0,4.685233116149902,4.960294723510742,0.9445473257754008,0.36773012552301254,1
61628,42,595,Program,0,1.0,0.25,23,25,1,measured,262,0,1,238,0,21 23,8080 8080,23,25,24,1,25,2,17.174861907958984,17.238237380981445,0.9963235525986908,1,0.555617088607595,2 3 3,2.288 25.729 38.006,0,1.0,0.25,286,287,1,measured,525,0,1,239,0,284,8080,-1,-1,286,1,287,3,11.600268363952637,12.062094688415527,0.9617125933436396,1,0.5728503184713376,2 3 3,2.001 13.388 35.218,0,23,286,0,4.52016019821167,4.914328575134277,0.9197920181981651,0.37228033472803346,1
61629,43,596,Program,0,1.0,0.25,23,25,1,measured,262,0,1,238,0,21 23,8080 8080,23,25,24,1,25,3,17.16078758239746,17.396320343017578,0.9864607712449573,1,0.5457006369426751,2 3 3,2.068 26.858 37.896,0,1.0,0.25,286,287,1,measured,525,0,1,239,0,284,8080,-1,-1,286,1,287,3,10.797074317932129,11.251473426818848,0.9596142574710598,1,0.6496019108280254,2 3 3,2.898 14.316 33.585,0,23,286,0,6.895314693450928,7.199581146240234,0.9577383119088531,0.40951882845188287,1
61630,44,597,Program,0,1.0,0.25,23,25,1,measured,262,0,1,238,0,21 23,8080 8080,23,25,24,1,25,2,16.166248321533203,16.311553955078125,0.9910918583266136,1,0.6392405063291139,2 2 3,3.496 25.047 36.401,0,1.0,0.25,286,287,1,measured,525,0,1,239,0,284,8080,-1,-1,286,1,287,3,9.490266799926758,9.749861717224121,0.9733745026517902,1,0.5904458598726114,2 3 3,2.007 13.053 30.485,0,23,286,0,4.137062072753906,4.336786270141602,0.953946497487603,0.43901673640167366,1
61631,45,598,Program,0,1.0,0.25,23,25,1,measured,262,0,1,238,0,21 23,8080 8080,23,25,24,1,25,2,15.403461456298828,15.444018363952637,0.9973739407259142,1,0.5823575949367089,2 3 3,2.098 25.054 31.780,0,1.0,0.25,286,287,1,measured,525,0,1,239,0,284,8080,-1,-1,286,1,287,3,9.802886009216309,9.85334300994873,0.9948791998125431,1,0.6504777070063694,2 3 3,2.853 11.860 27.950,0,23,286,0,5.501199722290039,5.911304950714111,0.9306235709638817,0.41961297071129705,1
61632,46,599,Program,0,1.0,0.25,23,25,1,measured,262,0,1,238,0,21 23,8080 8080,23,25,24,1,25,2,13.982406616210938,14.162961959838867,0.9872515830982304,1,0.5833860759493671,2 3 3,1.984 22.276 28.892,0,1.0,0.25,286,287,1,measured,525,0,1,239,0,284,8080,-1,-1,286,1,287,2,9.88021183013916,10.1770601272583,0.9708316258912473,1,0.6384493670886076,2 3 3,2.466 13.523 26.185,0,23,286,0,3.5803170204162598,3.6649582386016846,0.9769052707629983,0.4190376569037657,1
61633,47,600,Program,0,1.0,0.25,23,25,1,measured,262,0,1,238,0,21 23,8080 8080,23,25,24,1,25,2,13.745905876159668,13.967336654663086,0.9841465281479063,1,0.6089398734177215,2 3 3,2.102 21.015 28.453,0,1.0,0.25,286,288,1,measured,525,0,1,238,0,284,8080,-1,-1,287,1,288,3,8.551403045654297,8.59719181060791,0.9946739858825628,1,0.5854299363057325,2 3 3,1.654 11.962 22.306,0,23,286,1,2.8561344146728516,2.909133195877075,0.9817819337803662,0.4019874476987448,1
61634,48,601,Program,0,1.0,0.25,23,25,1,measured,262,0,1,238,0,21 23,8080 8080,23,25,24,1,25,3,13.115067481994629,13.181595802307129,0.9949529388315141,1,0.6556528662420382,2 3 3,2.583 18.921 26.112,0,1.0,0.25,286,288,1,measured,525,0,1,238,0,284,8080,-1,-1,287,1,288,2,9.296182632446289,9.497213363647461,0.978832661381426,1,0.7041139240506329,2 3 3,2.838 11.724 20.742,0,23,286,1,3.122307777404785,3.175780773162842,0.9831622521900963,0.4820083682008368,1
61635,49,602,Program,0,1.0,0.25,23,25,1,measured,262,0,1,238,0,21 23,8080 8080,23,25,24,1,25,3,10.321288108825684,10.607139587402344,0.9730510307495006,1,0.6593152866242038,2 3 3,2.232 14.286 22.169,0,1.0,0.25,286,288,1,measured,525,0,1,238,0,284,8080,-1,-1,287,1,288,3,8.470789909362793,8.814072608947754,0.9610528849925207,1,0.5934713375796178,2 3 3,1.737 10.688 18.501,0,23,286,1,4.036153316497803,4.0444254875183105,0.9979546734026781,0.39131799163179914,1
61636,50,603,Program,0,1.0,0.25,23,25,1,measured,262,0,1,238,0,21 23,8080 8080,23,25,24,1,25,3,9.321208000183105,9.616456031799316,0.9692976257947942,1,0.6654458598726115,2 3 3,2.516 12.794 21.029,0,1.0,0.25,286,288,1,measured,525,0,1,238,0,284,8080,-1,-1,287,1,288,3,7.511325836181641,7.733504772186279,0.9712706020685847,1,0.664171974522293,2 3 3,2.546 8.548 15.355,0,23,286,1,1.8127994537353516,2.221377372741699,0.8160700095265367,0.44759414225941424,1
61637,51,604,Program,0,1.0,0.25,23,25,1,measured,262,0,1,238,0,21 23,8080 8080,23,25,24,1,25,2,8.578194618225098,8.674094200134277,0.988944138754258,1,0.5909018987341772,2 3 3,1.988 12.957 16.092,0,1.0,0.25,286,288,1,measured,525,0,1,238,0,284,8080,-1,-1,287,1,288,3,7.807275295257568,7.933811187744141,0.9840510582502845,1,0.6570859872611465,2 3 3,2.361 8.307 14.527,0,23,286,1,2.384101629257202,2.5166585445404053,0.9473282080436499,0.3778242677824268,1
61638,52,605,Program,0,1.0,0.25,23,25,1,measured,262,0,1,238,0,21 23,8080 8080,23,25,24,1,25,2,8.243927955627441,8.27682113647461,0.9960258678658388,1,0.605379746835443,2 3 3,1.953 11.571 15.342,0,1.0,0.25,286,288,1,measured,525,0,1,238,0,284,8080,-1,-1,287,1,288,2,6.615140438079834,6.653005599975586,0.9943085630506773,1,0.6424050632911392,2 3 3,1.915 6.232 13.327,0,23,286,1,1.8641457557678223,1.9979841709136963,0.9330132755332748,0.39089958158995813,1
61639,53,606,Program,0,1.0,0.25,23,25,1,measured,262,0,1,238,0,21 23,8080 8080,23,25,24,1,25,2,7.5771164894104,7.774429798126221,0.9746202211815744,1,0.6582278481012658,1 3 3,2.396 9.458 13.533,0,1.0,0.25,286,287,1,measured,525,0,1,239,0,284,8080,-1,-1,286,1,287,2,6.331734657287598,6.614141941070557,0.9573025063116125,1,0.7161392405063292,1 3 3,3.122 5.819 9.982,0,23,286,0,2.666369915008545,2.6740238666534424,0.9971376651718235,0.4368723849372385,1
61640,54,607,Program,0,1.0,0.25,23,25,1,measured,262,0,1,238,0,21 23,8080 8080,23,25,24,1,25,1,7.390143394470215,7.420322418212891,0.9959329228513571,1,0.6099842767295598,1 3 3,2.047 9.067 11.369,0,1.0,0.25,286,287,1,measured,525,0,1,239,0,284,8080,-1,-1,286,1,287,1,5.088797092437744,5.424628734588623,0.9380913130497682,1,0.6445754716981132,0 1 2,1.808 5.023 7.503,0,23,286,0,1.6046701669692993,1.722182035446167,0.931765709978258,0.3678870292887029,1
61641,55,608,Program,0,1.0,0.25,23,25,1,measured,262,0,1,238,0,21 23,8080 8080,23,25,24,1,25,0,6.821855545043945,7.30690860748291,0.9336171986683632,1,0.65796875,0 0 0,2.573 8.460 9.593,0,1.0,0.25,286,288,1,measured,525,0,1,238,0,284,8080,-1,-1,287,1,288,0,3.9461426734924316,4.3446736335754395,0.9082713700280779,1,0.625390625,0 0 0,1.564 4.066 6.016,0,23,286,0,2.1763172149658203,2.7089297771453857,0.8033863532849413,0.29728033472803345,1
61642,56,609,Program,0,1.0,0.25,23,25,1,measured,262,0,1,238,0,21 23,8080 8080,23,25,24,1,25,0,6.202207088470459,6.966263771057129,0.8903204489957571,1,0.59859375,0 0 0,1.491 8.313 9.549,0,1.0,0.25,286,288,1,measured,525,0,1,238,0,284,8080,-1,-1,287,1,288,0,3.7030370235443115,4.310003757476807,0.8591725742977473,1,0.6271875,0 0 0,1.402 3.871 6.101,0,23,286,0,1.804814338684082,2.257472276687622,0.7994846082151127,0.35428870292887027,1
61643,57,610,Program,0,1.0,0.25,23,25,1,measured,262,0,1,238,0,21 23,8080 8080,23,25,24,1,25,0,7.843955039978027,8.290536880493164,0.9461335439486553,1,0.7,0 0 0,2.597 9.340 14.290,0,1.0,0.25,286,288,1,measured,525,0,1,238,0,284,8080,-1,-1,287,1,288,0,4.144433498382568,4.936910152435303,0.8394792229180396,1,0.782890625,0 0 0,3.092 3.819 5.145,0,23,286,0,2.0788867473602295,2.7074553966522217,0.7678378561400422,0.46338912133891214,1
61644,58,611,Program,0,1.0,0.25,23,25,1,measured,262,0,1,238,0,21 23,8080 8080,23,25,24,1,25,0,5.64016580581665,6.319850444793701,0.8924524172028508,1,0.662578125,0 0 0,1.808 6.987 11.381,0,1.0,0.25,286,288,1,measured,525,0,1,238,0,284,8080,-1,-1,287,1,288,0,3.259814500808716,4.241627216339111,0.7685292305395512,1,0.683515625,0 0 0,1.801 3.639 4.587,0,23,286,0,1.824620008468628,2.455369710922241,0.743114163358844,0.40941422594142257,1
61645,59,612,Program,0,1.0,0.25,23,25,1,measured,262,0,1,238,0,21 23,8080 8080,23,25,24,1,25,0,4.714882850646973,5.490094184875488,0.8587981721034724,1,0.63546875,0 0 0,1.464 6.136 7.420,0,1.0,0.25,286,288,1,measured,525,0,1,238,0,284,8080,-1,-1,287,1,288,0,3.181699275970459,3.9925413131713867,0.7969107960070542,1,0.667890625,0 0 0,2.202 3.249 4.252,0,23,286,0,2.1926615238189697,2.559608221054077,0.8566395066960699,0.3780857740585774,1
61646,60,613,Program,0,1.0,0.25,23,25,1,measured,262,0,1,238,0,21 23,8080 8080,23,25,24,1,25,0,5.68136739730835,6.295243740081787,0.9024856910837479,1,0.6790625,0 0 0,2.407 6.775 7.673,0,1.0,0.25,286,288,1,measured,525,0,1,238,0,284,8080,-1,-1,287,1,288,0,2.655039072036743,3.4776532649993896,0.7634570987160243,1,0.64,0 0 0,1.512 2.983 4.231,0,23,286,0,2.210331916809082,2.837236166000366,0.7790440370443229,0.31239539748953976,1
61647,61,614,Program,0,1.0,0.25,23,25,1,measured,262,0,1,238,0,21 23,8080 8080,23,25,24,1,25,0,3.8391993045806885,4.565949440002441,0.8408326362410696,1,0.62734375,0 0 0,1.553 4.840 5.422,0,1.0,0.25,286,288,1,measured,525,0,1,238,0,284,8080,-1,-1,287,1,288,0,2.374267578125,3.095980644226074,0.7668870871505444,1,0.67234375,0 0 0,1.588 2.634 3.519,0,23,286,0,2.0419719219207764,2.4066572189331055,0.8484681182914792,0.33200836820083685,1
61648,62,615,Program,0,1.0,0.25,23,25,1,measured,262,0,1,238,0,21 23,8080 8080,23,25,24,1,25,0,4.357831954956055,4.903350830078125,0.8887456977836973,1,0.738359375,0 0 0,3.065 4.415 5.464,0,1.0,0.25,286,288,1,measured,525,0,1,238,0,284,8080,-1,-1,287,1,288,0,2.479384660720825,3.4234964847564697,0.724225852651108,1,0.647421875,0 0 0,1.873 2.478 3.875,0,23,286,0,2.11997389793396,2.9770166873931885,0.7121135420273058,0.29006276150627613,1
61649,63,616,Program,0,1.0,0.25,23,25,1,measured,262,0,1,238,0,21 23,8080 8080,23,25,24,1,25,0,3.193115234375,3.944575548171997,0.809495266443752,1,0.62453125,0 0 0,1.778 3.711 4.511,0,1.0,0.25,286,288,1,measured,525,0,1,238,0,284,8080,-1,-1,287,1,288,0,2.869999885559082,3.502476453781128,0.8194201798161268,1,0.7459375,0 0 0,2.427 2.999 3.450,0,23,286,0,1.7663981914520264,2.1725809574127197,0.8130413669627263,0.39848326359832636,1
61650,64,617,Program,0,1.0,0.25,23,25,1,measured,262,0,1,238,0,21 23,8080 942c,23,25,24,1,25,0,3.113144636154175,3.622887134552002,0.8592993710633879,1,0.6740625,0 0 0,2.273 3.307 4.450,0,1.0,0.25,286,288,1,measured,525,0,1,238,0,284,8080,-1,-1,287,1,288,0,2.367372989654541,3.2974252700805664,0.7179459110522006,1,0.6346875,0 0 0,2.227 2.221 3.087,0,23,286,0,2.031672477722168,2.4492735862731934,0.8295000154774682,0.3714435146443515,1
61651,65,618,Program,0,1.0,0.25,23,23,0,vbi_ambiguous,262,0,1,240,0,21 24,8080 942c,24,26,-1,0,-1,-2,87.95759582519531,87.96150970458984,0.9999555046359746,1,0.7511867088607594,3 -3 -2,88.201 91.735 53.543,0,1.0,0.25,286,286,1,measured,525,0,1,240,0,284,8080,-1,-1,-1,0,-1,-3,87.07733917236328,87.09143829345703,0.9998381112843004,1,0.744984076433121,-3 -3 -3,87.154 93.358 53.835,0,23,286,-1,2.7893035411834717,2.9207069873809814,0.9550097127971949,0.8202928870292887,1
61652,66,619,Program,0,1.0,0.25,23,23,0,vbi_ambiguous,262,0,1,240,0,21 24,8080 8080,24,26,-1,0,-1,0,2.167041063308716,2.358785390853882,0.9187105667651458,1,0.667109375,0 0 0,1.484 2.678 3.245,0,1.0,0.25,286,286,1,measured,525,0,1,240,0,284,8080,-1,-1,-1,0,-1,0,1.595029354095459,1.7811812162399292,0.8954896557142925,1,0.76828125,0 0 0,1.283 1.698 1.993,0,23,286,-1,1.57315993309021,1.5745759010314941,0.9991007305901503,0.3336297071129707,1
61653,67,620,Program,0,1.0,0.25,23,23,0,vbi_ambiguous,262,0,1,240,0,21 24,8080 8080,24,26,-1,0,-1,0,1.6257128715515137,1.907881259918213,0.8521038000138461,1,0.7528125,0 0 0,1.370 1.727 1.861,0,1.0,0.25,286,288,1,measured,525,0,1,238,0,284,8080,-1,-1,287,1,288,0,1.4325878620147705,1.675009846687317,0.8552713077167954,1,0.6396875,0 0 0,1.328 1.434 1.546,0,23,286,-1,1.3613572120666504,1.4233299493789673,0.9564593316262634,0.2597280334728033,1
61654,68,621,Program,0,1.0,0.25,23,26,1,measured,262,0,1,237,0,21 24,8080 8080,24,26,25,1,26,0,1.4512792825698853,1.6884630918502808,0.859526802554813,1,0.637265625,0 0 0,1.290 1.514 1.760,0,1.0,0.25,286,286,1,measured,525,0,1,240,0,284,8080,-1,-1,-1,0,-1,0,1.6818749904632568,1.9160279035568237,0.8777925349318262,1,0.726640625,0 0 0,1.934 1.434 1.386,0,23,286,0,1.5435824394226074,1.5499869585037231,0.9958680174397736,0.2536610878661088,1
61655,69,622,Program,0,1.0,0.25,23,26,1,measured,262,0,1,237,0,21 24,8080 8080,24,26,25,1,26,0,1.6738379001617432,1.9516313076019287,0.8576609186591063,1,0.72875,0 0 0,1.844 1.467 1.661,0,1.0,0.25,286,286,1,measured,525,0,1,240,0,284,8080,-1,-1,-1,0,-1,0,1.4633495807647705,1.7664799690246582,0.8283986268877661,1,0.63046875,0 0 0,1.550 1.329 1.593,0,23,286,-1,1.5121768712997437,1.5489447116851807,0.9762626515278036,0.4713912133891213,1
61656,70,623,Program,0,1.0,0.25,23,26,1,measured,262,0,1,237,0,21 24,8080 8080,24,26,25,1,26,0,1.6839746236801147,1.9524763822555542,0.8624814307534625,1,0.728046875,0 0 0,1.720 1.612 1.601,0,1.0,0.25,286,286,1,measured,525,0,1,240,0,284,8080,-1,-1,-1,0,-1,0,1.6941406726837158,1.970970869064331,0.8595462770527738,1,0.726015625,0 0 0,1.970 1.438 1.514,0,23,286,-1,1.5769761800765991,1.6326607465744019,0.965893363569475,0.4588389121338912,1
61657,71,624,Program,0,1.0,0.25,23,26,1,measured,262,0,1,237,0,21 24,8080 8080,24,26,25,1,26,0,1.760800838470459,2.0489091873168945,0.8593845200022155,1,0.700390625,0 0 0,1.926 1.586 1.534,0,1.0,0.25,286,286,1,measured,525,0,1,240,0,284,8080,-1,-1,-1,0,-1,0,1.3909960985183716,1.7404874563217163,0.799199151631953,1,0.645234375,0 0 0,1.514 1.254 1.549,0,23,286,-1,1.4020469188690186,1.4721757173538208,0.9523638396842626,0.46119246861924684,1
61658,72,625,Program,0,1.0,0.25,23,26,1,measured,262,0,1,237,0,21 24,8080 8080,24,26,25,1,26,0,1.474423885345459,1.8142884969711304,0.8126733360250812,1,0.62734375,0 0 0,1.599 1.348 1.356,0,1.0,0.25,286,286,1,measured,525,0,1,240,0,284,8080,-1,-1,-1,0,-1,0,1.7024999856948853,2.028714656829834,0.839201304117994,1,0.72484375,0 0 0,1.886 1.628 1.261,0,23,286,-1,1.3227123022079468,1.3577665090560913,0.9741824484443102,0.2851987447698745,1
61659,73,626,Program,0,1.0,0.25,23,26,1,measured,262,0,1,237,0,21 24,8080 8080,24,26,25,1,26,0,1.533544898033142,1.8873231410980225,0.8125502541874963,1,0.614140625,0 0 0,1.803 1.302 1.154,0,1.0,0.25,286,286,1,measured,525,0,1,240,0,284,8080,-1,-1,-1,0,-1,0,1.366552710533142,1.7727004289627075,0.7708875612631165,1,0.661484375,0 0 0,1.574 1.201 1.278,0,23,286,0,1.326067328453064,1.3582121133804321,0.9763330155793092,0.3117677824267782,1
61660,74,627,Program,0,1.0,0.25,23,26,1,measured,262,0,1,237,0,21 24,8080 8080,24,26,25,1,26,0,1.5399023294448853,1.9187991619110107,0.802534397561042,1,0.617109375,0 0 0,1.752 1.346 1.240,0,1.0,0.25,286,286,1,measured,525,0,1,240,0,284,8080,-1,-1,-1,0,-1,0,1.570957064628601,1.9147307872772217,0.8204584556048883,1,0.760390625,0 0 0,1.789 1.423 1.184,0,23,286,-1,1.2572649717330933,1.3056747913360596,0.9629235243536945,0.3059623430962343,1
61661,75,628,Program,0,1.0,0.25,23,26,1,measured,262,0,1,237,0,21 24,8080 8080,24,26,25,1,26,0,1.6189453601837158,2.015683889389038,0.8031742321830159,1,0.744296875,0 0 0,2.008 1.273 1.218,0,1.0,0.25,286,286,1,measured,525,0,1,240,0,284,8080,-1,-1,-1,0,-1,0,1.7797753810882568,2.1080286502838135,0.8442842467291123,1,0.714453125,0 0 0,2.300 1.385 1.244,0,23,286,-1,1.4612445831298828,1.4692814350128174,0.9945300800163827,0.4869246861924686,1
61662,76,629,Program,0,1.0,0.25,23,26,1,measured,262,0,1,237,0,21 24,8080 8080,24,26,25,1,26,0,1.473486304283142,1.922562837600708,0.7664177604316965,1,0.629140625,0 0 0,1.648 1.309 1.368,0,1.0,0.25,286,286,1,measured,525,0,1,240,0,284,8080,-1,-1,-1,0,-1,0,1.4783495664596558,1.87814462184906,0.7871329764819706,1,0.628046875,0 0 0,1.681 1.326 1.203,0,23,286,-1,1.479069709777832,1.5206748247146606,0.9726403605421459,0.2922071129707113,1
61663,77,630,Program,0,1.0,0.25,23,23,1,measured,262,0,1,240,0,21,8080,-1,-1,-1,0,-1,0,1.9614551067352295,2.211045503616333,0.8871165715617886,1,0.692421875,0 0 0,2.394 1.621 1.342,0,1.0,0.25,286,288,1,measured,525,0,1,238,0,284,8080,-1,-1,287,1,288,0,1.677402377128601,2.069939136505127,0.8103631394499441,1,0.734375,0 0 0,2.213 1.268 1.074,0,23,286,-1,1.262155294418335,1.3647315502166748,0.9248377779629597,0.4399581589958159,1
61664,78,631,Program,0,1.0,0.25,23,23,1,measured,262,0,1,240,0,21,8080,-1,-1,-1,0,-1,0,1.727636694908142,2.0477888584136963,0.8436595832670183,1,0.730546875,0 0 0,2.096 1.409 1.357,0,1.0,0.25,286,286,1,measured,525,0,1,240,0,284,8080,-1,-1,-1,0,-1,0,1.6854687929153442,2.1376965045928955,0.7884509280405668,1,0.73953125,0 0 0,1.983 1.437 1.438,0,23,286,-1,1.4717535972595215,1.6374244689941406,0.8988222816552939,0.44947698744769876,1
61665,79,632,Program,0,1.0,0.25,23,26,1,measured,262,0,1,237,0,21 24,8080 8080,24,26,25,1,26,0,2.4891600608825684,2.8418140411376953,0.8759053283747078,1,0.69734375,0 0 0,2.946 2.199 1.169,0,1.0,0.25,286,288,1,measured,525,0,1,238,0,284,8080,-1,-1,287,1,288,0,1.704013705253601,2.1483981609344482,0.7931554477371356,1,0.630625,0 0 0,2.230 1.337 1.032,0,23,286,-1,1.2067198753356934,1.3091583251953125,0.9217524359826101,0.3694037656903766,1
61666,80,633,Program,0,1.0,0.25,23,26,1,measured,262,0,1,237,0,21 24,8080 8080,24,26,25,1,26,0,1.8656054735183716,2.3554835319519043,0.7920265407130278,1,0.696640625,0 0 0,2.318 1.526 1.021,0,1.0,0.25,286,286,1,measured,525,0,1,240,0,284,8080,-1,-1,-1,0,-1,0,1.894140601158142,2.342580556869507,0.8085701025749847,1,0.70609375,0 0 0,2.548 1.429 1.170,0,23,286,-1,1.342481255531311,1.3596513271331787,0.9873717097470344,0.4676255230125523,1
61667,81,634,Program,0,1.0,0.25,23,25,1,measured,262,0,1,238,0,21 23,8080 8080,23,25,24,1,25,-1,2.0526926517486572,2.492490291595459,0.8235509115803679,1,0.6700471698113207,-1 -1 -1,2.720 1.486 1.262,0,1.0,0.25,286,289,1,measured,525,0,1,237,0,284 287,8080 8080,287,289,288,1,289,2,2.4653480052948,2.470764636993408,0.9978077103672652,1,0.6465981012658227,1 2 1,3.373 1.802 1.220,0,23,286,1,1.1066573858261108,1.1772494316101074,0.940036457959934,0.3924163179916318,1
61668,82,635,Program,0,1.0,0.25,23,25,1,measured,262,0,1,238,0,21 23,8080 8080,23,25,24,1,25,0,2.4685938358306885,2.93902325630188,0.8399368159260079,1,0.64171875,0 0 0,3.512 1.605 1.530,0,1.0,0.25,286,286,1,measured,525,0,1,240,0,284,8080,-1,-1,-1,0,-1,-1,3.03134822845459,3.1384987831115723,0.9658592970519647,1,0.6515723270440251,-1 -1 -1,4.403 2.097 1.162,0,23,286,1,1.18414306640625,1.3009544610977173,0.9102110041631247,0.37489539748953976,1
61669,83,636,Program,0,1.0,0.25,23,23,1,measured,262,0,1,240,0,21,8080,-1,-1,-1,0,-1,0,3.6687402725219727,3.802093267440796,0.964926427223448,1,0.67953125,0 0 0,4.916 2.762 1.263,0,1.0,0.25,286,286,1,measured,525,0,1,240,0,284,8080,-1,-1,-1,0,-1,0,2.438593864440918,2.9234375953674316,0.8341528713680046,1,0.646875,0 0 0,3.525 1.675 1.051,0,23,286,1,0.6747852563858032,0.6851978898048401,0.9848034654309828,0.34398535564853555,1
61670,84,637,Program,0,1.0,0.25,23,23,1,measured,262,0,1,240,0,21,8080,-1,-1,-1,0,-1,0,0.37296876311302185,2.709669828414917,0.1376436196033516,1,0.9790625,0 0 0,0.370 0.364 0.399,0,1.0,0.25,286,288,1,measured,525,0,1,238,0,284 286,8080 8080,286,288,287,1,288,0,2.778447151184082,2.9184648990631104,0.952023494295245,1,0.688515625,0 0 1,4.030 1.907 1.225,0,23,286,1,0.9611999988555908,0.9650622606277466,0.9959979144043583,0.34398535564853555,1
61671,85,638,Program,0,1.0,0.25,23,23,1,measured,262,0,1,240,0,21,8080,-1,-1,-1,0,-1,1,2.4766314029693604,3.011591911315918,0.8223662022943852,1,0.6338836477987422,1 1 1,3.630 1.526 1.047,0,1.0,0.25,286,288,1,measured,525,0,1,238,0,284 286,8080 8080,286,288,287,1,288,0,2.920790910720825,3.4248623847961426,0.8528199333459289,1,0.645078125,0 0 0,4.327 1.943 1.277,0,23,286,0,1.2030695676803589,1.205886721611023,0.9976638320331611,0.39827405857740583,1
61672,86,639,Program,0,1.0,0.25,23,23,1,measured,262,0,1,240,0,21,8080,-1,-1,-1,0,-1,0,2.857783317565918,3.381927967071533,0.8450160220415692,1,0.661640625,0 0 0,4.040 1.894 1.127,0,1.0,0.25,286,288,1,measured,525,0,1,238,0,284 286,8080 8080,286,288,287,1,288,0,3.4047656059265137,3.9421088695526123,0.863691419641822,1,0.62140625,0 0 0,4.958 2.370 1.281,0,23,286,0,1.4213050603866577,1.5586564540863037,0.9118783402592957,0.37139121338912134,1
61673,87,640,Program,0,1.0,0.25,23,23,1,measured,262,0,1,240,0,21,8080,-1,-1,-1,0,-1,0,3.140019416809082,3.653871774673462,0.8593677092266595,1,0.651796875,0 0 0,4.364 2.089 1.362,0,1.0,0.25,286,288,1,measured,525,0,1,238,0,284 286,8080 8080,286,288,287,1,288,0,3.548759698867798,4.0335001945495605,0.8798213778849474,1,0.598671875,0 0 0,5.246 2.400 1.128,0,23,286,0,1.516384243965149,1.6495565176010132,0.919267832162829,0.32719665271966525,1
61674,88,641,Program,0,1.0,0.25,23,23,1,measured,262,0,1,240,0,21,8080,-1,-1,-1,0,-1,0,3.308779239654541,3.8426101207733154,0.8610759706708568,1,0.632421875,0 0 0,4.886 2.019 1.189,0,1.0,0.25,286,288,1,measured,525,0,1,238,0,284,8080,-1,-1,287,1,288,0,4.067040920257568,4.610848903656006,0.8820590319133544,1,0.646484375,0 0 0,6.297 2.490 1.179,0,23,286,0,1.449639081954956,1.546491026878357,0.9373730960994324,0.3514121338912134,1
61675,89,642,Program,0,1.0,0.25,23,23,1,measured,262,0,1,240,0,21,8080,-1,-1,-1,0,-1,0,3.5854296684265137,4.244889736175537,0.8446461254036792,1,0.673203125,0 0 0,5.168 2.300 1.362,0,1.0,0.25,286,288,1,measured,525,0,1,238,0,284,8080,-1,-1,287,1,288,0,5.019306659698486,5.528498649597168,0.9078968772225741,1,0.699921875,0 0 0,7.264 3.412 1.926,0,23,286,0,1.5648726224899292,1.699323296546936,0.9208798735766092,0.3623430962343096,1
61676,90,643,Program,0,1.0,0.25,23,24,1,measured,262,0,1,239,0,21,8080,-1,-1,23,1,24,0,3.7665135860443115,4.282851696014404,0.8794405815054035,1,0.612265625,0 0 0,5.593 2.279 1.222,0,1.0,0.25,286,286,1,measured,525,0,1,240,0,284,8080,-1,-1,-1,0,-1,0,4.642265796661377,5.185593605041504,0.8952236041305095,1,0.663671875,0 0 0,7.187 2.811 1.360,0,23,286,0,1.4788081645965576,1.6308945417404175,0.9067466514532815,0.41338912133891215,1
61677,91,644,Program,0,1.0,0.25,23,24,1,measured,262,0,1,239,0,21,8080,-1,-1,23,1,24,0,4.040664196014404,4.7311811447143555,0.8540497758215425,1,0.661953125,0 0 0,6.313 2.155 1.151,0,1.0,0.25,286,286,1,measured,525,0,1,240,0,284,8080,-1,-1,-1,0,-1,0,4.985517501831055,5.578763961791992,0.8936598744768587,1,0.61265625,0 0 0,8.132 2.691 1.256,0,23,286,0,1.5289864540100098,1.6900686025619507,0.9046889881820426,0.40868200836820084,1
61678,92,645,Program,0,1.0,0.25,23,23,1,measured,262,0,1,240,0,21,8080,-1,-1,-1,0,-1,0,4.146718978881836,4.740743160247803,0.8746980881927979,1,0.652578125,0 0 0,6.116 2.446 1.601,0,1.0,0.25,286,286,1,measured,525,0,1,240,0,284,8080,-1,-1,-1,0,-1,0,5.531152248382568,6.128174304962158,0.9025775007580702,1,0.594765625,0 0 0,8.826 3.181 1.348,0,23,286,0,1.7474645376205444,1.909959077835083,0.914922501691123,0.36872384937238495,1
61679,93,646,Program,0,1.0,0.25,23,23,1,measured,262,0,1,240,0,21,8080,-1,-1,-1,0,-1,0,4.206045150756836,4.80935525894165,0.874554888191483,1,0.648828125,0 0 0,6.551 2.271 1.136,0,1.0,0.25,286,286,1,measured,525,0,1,240,0,284,8080,-1,-1,-1,0,-1,0,5.29324197769165,5.867177486419678,0.902178601200241,1,0.634609375,0 0 0,7.901 3.505 1.501,0,23,286,0,2.1874430179595947,2.319589376449585,0.9430302794832349,0.40156903765690377,1
61680,94,647,Program,0,1.0,0.25,23,24,1,measured,262,0,1,239,0,21,8080,-1,-1,23,1,24,0,4.068466663360596,4.90985631942749,0.8286325298893871,1,0.6640625,0 0 0,6.042 2.301 1.624,0,1.0,0.25,286,286,1,measured,525,0,1,240,0,284,8080,-1,-1,-1,0,-1,0,4.864794731140137,5.597700595855713,0.8690701919180552,1,0.5959375,0 0 0,7.369 3.176 1.259,0,23,286,0,1.7720609903335571,1.929077386856079,0.9186054444511321,0.36035564853556484,1
61681,95,648,Program,0,1.0,0.25,23,23,1,measured,262,0,1,240,0,21,8080,-1,-1,-1,0,-1,0,3.9694042205810547,4.664632320404053,0.8509575777747951,1,0.604765625,0 0 0,5.941 2.348 1.247,0,1.0,0.25,286,288,1,measured,525,0,1,238,0,284 286,8080 8080,286,288,287,1,288,0,4.411484241485596,5.195263385772705,0.8491358212110095,1,0.617578125,0 0 0,6.626 2.926 1.177,0,23,286,0,1.484963297843933,1.6257840394973755,0.9133828735968043,0.4028242677824268,1
61682,96,649,Program,0,1.0,0.25,23,23,1,measured,262,0,1,240,0,21,8080,-1,-1,-1,0,-1,0,3.811142683029175,4.57517671585083,0.8330044760512446,1,0.60796875,0 0 0,5.819 2.159 1.270,0,1.0,0.25,286,288,1,measured,525,0,1,238,0,284,8080,-1,-1,287,1,288,0,4.142197132110596,4.892492294311523,0.8466435679268637,1,0.644140625,0 0 0,6.186 2.690 1.333,0,23,286,0,1.4973642826080322,1.6743862628936768,0.8942764974793123,0.4105125523012552,1
61683,97,650,Program,0,1.0,0.25,23,23,1,measured,262,0,1,240,0,21,8080,-1,-1,-1,0,-1,0,3.4374804496765137,4.363138675689697,0.7878457929447173,1,0.637265625,0 0 0,5.163 2.025 1.014,0,1.0,0.25,286,288,1,measured,525,0,1,238,0,284 286,8080 8080,286,288,287,1,288,0,4.04250955581665,4.764258861541748,0.8485075377513105,1,0.658984375,0 0 0,6.071 2.656 1.118,0,23,286,0,1.4091894626617432,1.5831652879714966,0.8901088682075212,0.3708682008368201,1
61684,98,651,Program,0,1.0,0.25,23,23,1,measured,262,0,1,240,0,21,8080,-1,-1,-1,0,-1,0,3.349316358566284,4.094850540161133,0.8179337257165162,1,0.574296875,0 0 0,4.949 2.061 1.016,0,1.0,0.25,286,288,1,measured,525,0,1,238,0,284 286,8080 8080,286,288,287,1,288,0,3.465019464492798,4.321776866912842,0.8017580664612034,1,0.625234375,0 0 0,5.037 2.412 1.195,0,23,286,0,1.3730378150939941,1.5530351400375366,0.8840996444296862,0.3714958158995816,1
61685,99,652,Program,0,1.0,0.25,23,23,1,measured,262,0,1,240,0,21,8080,-1,-1,-1,0,-1,0,3.1718456745147705,4.1148681640625,0.7708255885853926,1,0.64265625,0 0 0,4.457 2.149 1.114,0,1.0,0.25,286,288,1,measured,525,0,1,238,0,284 286,8080 8080,286,288,287,1,288,0,3.460009813308716,4.314651966094971,0.8019209522570695,1,0.62578125,0 0 0,4.976 2.444 1.119,0,23,286,0,1.4256373643875122,1.6020961999893188,0.8898575281540627,0.36621338912133894,1
61686,100,653,Program,0,1.0,0.25,23,23,1,measured,262,0,1,240,0,21,8080,-1,-1,-1,0,-1,0,3.2725489139556885,4.219015121459961,0.7756665524401453,1,0.640234375,0 0 0,4.782 2.042 1.109,0,1.0,0.25,286,288,1,measured,525,0,1,238,0,284 286,8080 8080,286,288,287,1,288,0,3.397753953933716,4.333834648132324,0.7840063661399692,1,0.637578125,0 0 0,4.955 2.355 1.190,0,23,286,0,1.4020764827728271,1.5551974773406982,0.9015424106591919,0.38378661087866106,1
61687,101,654,Program,0,1.0,0.25,23,24,1,measured,262,0,1,239,0,21,8080,-1,-1,23,1,24,0,3.2178614139556885,4.080149173736572,0.7886626877930527,1,0.58765625,0 0 0,4.760 1.951 1.109,0,1.0,0.25,286,288,1,measured,525,0,1,238,0,284 286,8080 8080,286,288,287,1,288,0,3.262705087661743,4.174980163574219,0.7814899615878719,1,0.65015625,0 0 0,4.604 2.353 1.300,0,23,286,0,1.346942663192749,1.5140689611434937,0.889617776838564,0.365010460251046,1
61688,102,655,Program,0,1.0,0.25,23,24,1,measured,262,0,1,239,0,21,8080,-1,-1,23,1,24,0,3.3945508003234863,4.324174404144287,0.7850170883649258,1,0.647890625,0 0 0,5.046 2.064 0.992,0,1.0,0.25,286,288,1,measured,525,0,1,238,0,284 286,8080 8080,286,288,287,1,288,0,3.175537109375,4.14178466796875,0.7667074374806584,1,0.647265625,0 0 0,4.479 2.301 1.397,0,23,286,0,1.4569122791290283,1.5910558700561523,0.9156889500540356,0.39335774058577405,1
61689,103,656,Program,0,1.0,0.25,23,24,1,measured,262,0,1,239,0,21,8080,-1,-1,23,1,24,0,3.0569727420806885,4.013649940490723,0.7616440864065321,1,0.621640625,0 0 0,4.579 1.787 1.138,0,1.0,0.25,286,288,1,measured,525,0,1,238,0,284 286,8080 8080,286,288,287,1,288,0,2.953134775161743,3.868504285812378,0.7633789591476673,1,0.601796875,0 0 0,4.245 2.073 1.118,0,23,286,0,1.174525260925293,1.3309913873672485,0.8824439226827369,0.41997907949790797,1
61690,104,657,Program,0,1.0,0.25,23,23,1,measured,262,0,1,240,0,21,8080,-1,-1,-1,0,-1,-1,2.6609277725219727,3.670283317565918,0.7249924712315299,1,0.6356918238993711,-1 -1 -1,3.930 1.615 0.974,0,1.0,0.25,286,287,1,measured,525,0,1,239,0,284,8080,-1,-1,286,1,287,1,3.0656347274780273,3.319443464279175,0.923538768009636,1,0.6191037735849056,1 1 1,4.343 2.146 1.188,0,23,286,1,0.9926724433898926,1.063109040260315,0.9337447108405972,0.43138075313807533,1
61691,105,658,Program,0,1.0,0.25,23,26,1,measured,262,0,1,237,0,21 24,8080 8080,24,26,25,1,26,2,3.248041868209839,3.336261749267578,0.9735572662795099,1,0.6867879746835444,2 1 2,4.587 2.176 1.179,0,1.0,0.25,286,286,1,measured,525,0,1,240,0,284,8080,-1,-1,-1,0,-1,-1,2.6620283126831055,3.6272950172424316,0.7338880074626111,1,0.6330974842767295,-1 -1 -1,4.160 1.532 1.085,0,23,286,0,0.9930528998374939,1.0250238180160522,0.9688095850880436,0.40794979079497906,1
61692,106,659,Program,0,1.0,0.25,23,26,1,measured,262,0,1,237,0,21 24,8080 8080,24,26,25,1,26,0,2.432626962661743,3.4802377223968506,0.698982988146679,1,0.661015625,0 0 0,3.434 1.631 1.042,0,1.0,0.25,286,289,1,measured,525,0,1,237,0,284 287,8080 8080,287,289,288,1,289,1,2.8613109588623047,3.207219123840332,0.8921470122179129,1,0.7197327044025157,1 1 1,3.966 2.122 1.086,0,23,286,0,0.5720914006233215,0.6665578484535217,0.8582771952211328,0.46145397489539747,1
61693,107,660,Program,0,1.0,0.25,23,26,1,measured,262,0,1,237,0,21 24,8080 8080,24,26,25,1,26,0,0.41145506501197815,3.4074389934539795,0.12075199755664685,1,0.965234375,0 0 0,0.424 0.415 0.371,0,1.0,0.25,286,288,1,measured,525,0,1,238,0,284,8080,-1,-1,287,1,288,-2,2.810878276824951,2.8902909755706787,0.9725243238770976,1,0.658386075949367,-2 -1 -1,3.955 2.021 1.101,0,23,286,0,0.7693720459938049,0.9737197160720825,0.7901370726038065,0.3951882845188284,1
61694,108,661,Program,0,1.0,0.25,23,26,1,measured,262,0,1,237,0,21 24,8080 8080,24,26,25,1,26,0,2.3160059452056885,3.3454010486602783,0.6922954562153831,1,0.688671875,0 0 0,3.312 1.504 1.139,0,1.0,0.25,286,288,1,measured,525,0,1,238,0,284,8080,-1,-1,287,1,288,0,2.1418066024780273,3.217423439025879,0.665689997934027,1,0.600546875,0 0 0,3.164 1.379 0.931,0,23,286,-1,1.0050562620162964,1.1578565835952759,0.8680317374846916,0.3135460251046025,1
61695,109,662,Program,0,1.0,0.25,23,26,1,measured,262,0,1,237,0,21 24,8080 8080,24,26,25,1,26,0,2.4569921493530273,3.4369497299194336,0.7148757888322743,1,0.670625,0 0 0,3.376 1.735 1.077,0,1.0,0.25,286,288,1,measured,525,0,1,238,0,284,8080,-1,-1,287,1,288,0,2.2388477325439453,3.311448574066162,0.6760931605816366,1,0.694609375,0 0 0,3.166 1.580 1.036,0,23,286,-1,1.2253113985061646,1.3151402473449707,0.9316963730521104,0.4954497907949791,1
61696,110,663,Program,0,1.0,0.25,23,26,1,measured,262,0,1,237,0,21 24,8080 8080,24,26,25,1,26,0,2.3203516006469727,3.3771324157714844,0.6870774713513574,1,0.630859375,0 0 0,3.340 1.505 0.986,0,1.0,0.25,286,288,1,measured,525,0,1,238,0,284,8080,-1,-1,287,1,288,0,2.2348926067352295,3.347592353820801,0.6676119343457149,1,0.577734375,0 0 0,3.208 1.544 1.041,0,23,286,-1,1.0539543628692627,1.1761820316314697,0.8960809930137545,0.33661087866108785,1
61697,111,664,Program,0,1.0,0.25,23,26,1,measured,262,0,1,237,0,21 24,8080 8080,24,26,25,1,26,0,2.3655664920806885,3.4303460121154785,0.6895999656378263,1,0.67859375,0 0 0,3.419 1.499 1.071,0,1.0,0.25,286,288,1,measured,525,0,1,238,0,284,8080,-1,-1,287,1,288,0,2.374824285507202,3.399803400039673,0.6985181218065403,1,0.688203125,0 0 0,3.494 1.539 1.144,0,23,286,-1,1.130487322807312,1.2023425102233887,0.9402373393562152,0.3192991631799163,1
61698,112,665,Program,0,1.0,0.25,23,26,1,measured,262,0,1,237,0,21 24,8080 8080,24,26,25,1,26,0,2.3584179878234863,3.3814759254455566,0.6974522486102668,1,0.686015625,0 0 0,3.368 1.488 1.152,0,1.0,0.25,286,288,1,measured,525,0,1,238,0,284,8080,-1,-1,287,1,288,0,2.265498161315918,3.3491058349609375,0.6764486621075508,1,0.601796875,0 0 0,3.458 1.398 1.047,0,23,286,-1,1.1217617988586426,1.1520558595657349,0.9737043473581988,0.3119246861924686,1
61699,113,666,Program,0,1.0,0.25,23,26,1,measured,262,0,1,237,0,21 24,8080 8080,24,26,25,1,26,0,2.2894530296325684,3.389406442642212,0.6754731450406476,1,0.5675,0 0 0,3.237 1.485 1.198,0,1.0,0.25,286,287,1,measured,525,0,1,239,0,284,8080,-1,-1,286,1,287,0,2.3107616901397705,3.4523682594299316,0.6693265365964558,1,0.584140625,0 0 0,3.476 1.444 1.029,0,23,286,-1,1.076791524887085,1.1769227981567383,0.9149211202073102,0.3247907949790795,1
61700,114,667,Program,0,1.0,0.25,23,26,1,measured,262,0,1,237,0,21 24,8080 8080,24,26,25,1,26,0,2.3879003524780273,3.4485063552856445,0.6924448171069802,1,0.687578125,0 0 0,3.531 1.436 1.262,0,1.0,0.25,286,287,1,measured,525,0,1,239,0,284,8080,-1,-1,286,1,287,0,2.3196582794189453,3.493671417236328,0.6639600587435647,1,0.5790625,0 0 0,3.568 1.374 1.028,0,23,286,-1,1.1359810829162598,1.2452199459075928,0.9122734394430912,0.29827405857740585,1
61701,115,668,Program,0,1.0,0.25,23,26,1,measured,262,0,1,237,0,21 24,8080 8080,24,26,25,1,26,0,2.349189519882202,3.437755584716797,0.6833497792356081,1,0.697265625,0 0 0,3.487 1.405 1.122,0,1.0,0.25,286,288,1,measured,525,0,1,238,0,284,8080,-1,-1,287,1,288,0,2.427255868911743,3.551267623901367,0.6834899889198431,1,0.685078125,0 0 0,3.719 1.426 1.144,0,23,286,-1,1.2501769065856934,1.35332453250885,0.9237820467704541,0.31401673640167366,1
61702,116,669,Program,0,1.0,0.25,23,26,1,measured,262,0,1,237,0,21 24,8080 8080,24,26,25,1,26,0,2.4032421112060547,3.4539995193481445,0.695785305627259,1,0.688828125,0 0 0,3.542 1.436 1.215,0,1.0,0.25,286,288,1,measured,525,0,1,238,0,284,8080,-1,-1,287,1,288,0,2.3819239139556885,3.2983686923980713,0.722152110964865,1,0.695625,0 0 0,3.556 1.488 1.151,0,23,286,-1,1.1809545755386353,1.3212391138076782,0.8938235049182301,0.5123953974895398,1
61703,117,670,Program,0,1.0,0.25,23,25,1,measured,262,0,1,238,0,21 23,8080 8080,23,25,24,1,25,-1,2.4361438751220703,3.479501962661743,0.7001415436071412,1,0.5643081761006289,-1 -1 -1,3.630 1.439 1.225,0,1.0,0.25,286,288,1,measured,525,0,1,238,0,284,8080,-1,-1,287,1,288,0,2.2567968368530273,3.3569083213806152,0.6722843225950422,1,0.711328125,0 0 0,3.363 1.407 1.142,0,23,286,0,1.0699315071105957,1.081629991531372,0.9891843934502836,0.4622907949790795,1
61704,118,671,Program,0,1.0,0.25,23,25,1,measured,262,0,1,238,0,21 23,8080 8080,23,25,24,1,25,0,2.404101610183716,3.462519645690918,0.694321435309574,1,0.683515625,0 0 0,3.497 1.446 1.398,0,1.0,0.25,286,288,1,measured,525,0,1,238,0,284,8080,-1,-1,287,1,288,0,2.1801366806030273,3.3016903400421143,0.6603092525555315,1,0.6153125,0 0 0,3.179 1.429 1.198,0,23,286,0,1.2927731275558472,1.401580572128296,0.9223680416693955,0.2934623430962343,1
61705,119,672,Program,0,1.0,0.25,23,25,1,measured,262,0,1,238,0,21 23,8080 8080,23,25,24,1,25,0,2.4613378047943115,3.545597553253174,0.6941954826587617,1,0.683203125,0 0 0,3.695 1.404 1.276,0,1.0,0.25,286,288,1,measured,525,0,1,238,0,284,8080,-1,-1,287,1,288,0,2.4460253715515137,3.524548053741455,0.6939968853467483,1,0.66609375,0 0 0,3.479 1.648 1.501,0,23,286,0,1.238865852355957,1.3550578355789185,0.9142531188173817,0.4973326359832636,1
61706,120,673,Program,0,1.0,0.25,23,25,1,measured,262,0,1,238,0,21 23,8080 8080,23,25,24,1,25,0,2.4184765815734863,3.5064072608947754,0.6897306563745628,1,0.573515625,0 0 0,3.582 1.421 1.434,0,1.0,0.25,286,288,1,measured,525,0,1,238,0,284,8080,-1,-1,287,1,288,0,2.393056631088257,3.4716687202453613,0.6893101917049064,1,0.683828125,0 0 0,3.595 1.499 1.223,0,23,286,0,1.1233676671981812,1.259031057357788,0.892247781048141,0.29236401673640167,1
61707,121,674,Program,0,1.0,0.25,23,25,1,measured,262,0,1,238,0,21 23,8080 8080,23,25,24,1,25,0,2.455576181411743,3.5068888664245605,0.7002149982344092,1,0.687265625,0 0 0,3.559 1.534 1.443,0,1.0,0.25,286,288,1,measured,525,0,1,238,0,284,8080,-1,-1,287,1,288,0,2.4828221797943115,3.5975236892700195,0.6901475554419784,1,0.6825,0 0 0,3.776 1.509 1.299,0,23,286,0,1.4834195375442505,1.6111711263656616,0.9207088640487359,0.4901150627615063,1
61708,122,675,Program,0,1.0,0.25,23,25,1,measured,262,0,1,238,0,21 23,8080 8080,23,25,24,1,25,0,2.558222770690918,3.642207145690918,0.7023825577074995,1,0.67578125,0 0 0,3.771 1.532 1.608,0,1.0,0.25,286,288,1,measured,525,0,1,238,0,284,8080,-1,-1,287,1,288,0,2.370371103286743,3.4888365268707275,0.6794159270663279,1,0.57953125,0 0 0,3.550 1.451 1.509,0,23,286,0,1.5444217920303345,1.6297235488891602,0.9476587566541771,0.4753661087866109,1
61709,123,676,Program,0,1.0,0.25,23,25,1,measured,262,0,1,238,0,21 23,8080 8080,23,25,24,1,25,0,2.907656192779541,3.9897799491882324,0.7287760803377484,1,0.648359375,0 0 0,4.153 1.855 1.779,0,1.0,0.25,286,288,1,measured,525,0,1,238,0,284,8080,-1,-1,287,1,288,0,2.7229785919189453,3.826847553253174,0.7115461366116249,1,0.6525,0 0 0,4.026 1.748 1.678,0,23,286,1,1.633866548538208,1.6907408237457275,0.9663613284728536,0.4143828451882845,1
61710,124,677,Program,0,1.0,0.25,23,25,1,measured,262,0,1,238,0,21 23,8080 8080,23,25,24,1,25,0,2.8568553924560547,3.991175413131714,0.715792992474464,1,0.658203125,0 0 0,4.242 1.673 2.025,0,1.0,0.25,286,288,1,measured,525,0,1,238,0,284,8080,-1,-1,287,1,288,0,2.687246084213257,3.79561710357666,0.7079866095241876,1,0.666875,0 0 0,4.130 1.583 1.774,0,23,286,0,1.60451078414917,1.6299316883087158,0.9844036996507972,0.4052301255230126,1
61711,125,678,Program,0,1.0,0.25,23,25,1,measured,262,0,1,238,0,21 23,8080 8080,23,25,24,1,25,0,3.2314648628234863,4.224783897399902,0.7648828771602393,1,0.618125,0 0 0,4.869 1.806 2.205,0,1.0,0.25,286,288,1,measured,525,0,1,238,0,284,8080,-1,-1,287,1,288,0,2.917773485183716,3.988070011138916,0.7316254421397321,1,0.636953125,0 0 0,4.515 1.709 1.895,0,23,286,1,1.6555086374282837,1.801367998123169,0.9190285600461122,0.34393305439330546,1
61712,126,679,Program,0,1.0,0.25,23,25,1,measured,262,0,1,238,0,21 23,8080 8080,23,25,24,1,25,0,3.071035146713257,4.193710803985596,0.7322954038210321,1,0.624921875,0 0 0,4.664 1.711 2.345,0,1.0,0.25,286,288,1,measured,525,0,1,238,0,284,8080,-1,-1,287,1,288,0,3.0934081077575684,4.203331470489502,0.7359419854169443,1,0.62828125,0 0 0,4.790 1.805 2.244,0,23,286,1,1.7899401187896729,1.8239613771438599,0.9813475993622952,0.37803347280334726,1
61713,127,680,Program,0,1.0,0.25,23,25,1,measured,262,0,1,238,0,21 23,8080 8080,23,25,24,1,25,0,3.0257909297943115,4.202014446258545,0.7200810393425616,1,0.63703125,0 0 0,4.518 1.729 2.581,0,1.0,0.25,286,288,1,measured,525,0,1,238,0,284,8080,-1,-1,287,1,288,0,2.924501895904541,4.1184258460998535,0.7101018702750329,1,0.645703125,0 0 0,4.432 1.791 2.284,0,23,286,0,1.5596710443496704,1.6230430603027344,0.9609548153693201,0.3732217573221757,1
61714,128,681,Program,0,1.0,0.25,23,25,1,measured,262,0,1,238,0,21 23,8080 8080,23,25,24,1,25,0,2.993349552154541,4.14655065536499,0.7218890593514427,1,0.63484375,0 0 0,4.350 1.833 3.425,0,1.0,0.25,286,288,1,measured,525,0,1,238,0,284,8080,-1,-1,287,1,288,0,3.149794816970825,4.288610458374023,0.7344557981059985,1,0.631015625,0 0 0,4.839 1.870 2.548,0,23,286,0,1.539204716682434,1.6209748983383179,0.9495549365140031,0.3735355648535565,1
61715,129,682,Program,0,1.0,0.25,23,25,1,measured,262,0,1,238,0,21 23,8080 8080,23,25,24,1,25,0,3.0118749141693115,4.189219951629639,0.7189584096670955,1,0.6340625,0 0 0,4.351 1.840 4.019,0,1.0,0.25,286,288,1,measured,525,0,1,238,0,284,8080,-1,-1,287,1,288,0,3.102607488632202,4.219172477722168,0.7353592452108587,1,0.639765625,0 0 0,4.751 1.818 2.793,0,23,286,1,1.6507259607315063,1.6665953397750854,0.9904779650675606,0.34942468619246864,1
61716,130,683,Program,0,1.0,0.25,23,25,1,measured,262,0,1,238,0,21 23,8080 8080,23,25,24,1,25,0,3.156308650970459,4.316725730895996,0.7311811886448768,1,0.606640625,0 0 0,4.537 1.957 3.801,0,1.0,0.25,286,288,1,measured,525,0,1,238,0,284,8080,-1,-1,287,1,288,0,3.572275400161743,4.773329257965088,0.7483823568635689,1,0.63125,0 0 0,4.615 3.027 2.490,0,23,286,0,1.5509886741638184,1.5858486890792847,0.9780180699738098,0.32599372384937236,1
61717,131,684,Program,0,1.0,0.25,23,25,1,measured,262,0,1,238,0,21 23,8080 8080,23,25,24,1,25,0,3.993525505065918,5.092138290405273,0.7842531520777063,1,0.63296875,0 0 0,4.781 3.533 3.114,0,1.0,0.25,286,287,1,measured,525,0,1,239,0,284,8080,-1,-1,286,1,287,0,3.6149120330810547,4.866814136505127,0.7427676364228146,1,0.621640625,0 0 0,4.760 2.970 2.192,0,23,286,0,1.495929479598999,1.5892679691314697,0.9412695081349435,0.37180962343096235,1
61718,132,685,Program,0,1.0,0.25,23,25,1,measured,262,0,1,238,0,21 23,8080 8080,23,25,24,1,25,0,3.536972761154175,4.8668532371521,0.7267473640162363,1,0.610625,0 0 0,4.602 2.723 2.646,0,1.0,0.25,286,287,1,measured,525,0,1,239,0,284,8080,-1,-1,286,1,287,0,3.5779101848602295,4.9527907371521,0.722402858255538,1,0.619375,0 0 0,4.729 2.898 2.237,0,23,286,0,1.7967298030853271,1.9102857112884521,0.9405555370423968,0.35444560669456066,1
61719,133,686,Program,0,1.0,0.25,23,25,1,measured,262,0,1,238,0,21 23,8080 8080,23,25,24,1,25,0,3.1165430545806885,4.616981029510498,0.6750175135354868,1,0.6425,0 0 0,4.567 1.892 2.411,0,1.0,0.25,286,287,1,measured,525,0,1,239,0,284,8080,-1,-1,286,1,287,0,3.623584032058716,5.222022533416748,0.6939043270822157,1,0.60484375,0 0 0,4.764 2.977 2.003,0,23,286,0,1.835373044013977,1.9406155347824097,0.9457685003123337,0.375,1
61720,134,687,Program,0,1.0,0.25,23,25,1,measured,262,0,1,238,0,21 23,8080 8080,23,25,24,1,25,0,3.613652229309082,5.1273193359375,0.7047839216841654,1,0.62609375,0 0 0,4.726 2.792 2.299,0,1.0,0.25,286,287,1,measured,525,0,1,239,0,284,8080,-1,-1,286,1,287,0,3.1164257526397705,4.855807781219482,0.6417934755763982,1,0.634296875,0 0 0,4.693 1.944 1.981,0,23,286,0,1.781724214553833,1.9053244590759277,0.9351290306838131,0.3584728033472803,1
61721,135,688,Program,0,1.0,0.25,23,25,1,measured,262,0,1,238,0,21 23,8080 8080,23,25,24,1,25,0,3.173027276992798,4.862480163574219,0.6525532588826912,1,0.618984375,0 0 0,4.485 2.105 2.133,0,1.0,0.25,286,287,1,measured,525,0,1,239,0,284,8080,-1,-1,286,1,287,0,3.0693652629852295,4.8315253257751465,0.6352787279434979,1,0.641953125,0 0 0,4.607 1.938 1.861,0,23,286,0,1.627362608909607,1.7477805614471436,0.9311023619361964,0.35972803347280335,1
61722,136,689,Program,0,1.0,0.25,23,25,1,measured,262,0,1,238,0,21 23,8080 8080,23,25,24,1,25,0,3.069648504257202,4.729874134063721,0.6489915835497893,1,0.634921875,0 0 0,4.343 2.022 2.033,0,1.0,0.25,286,287,1,measured,525,0,1,239,0,284,8080,-1,-1,286,1,287,0,3.193173885345459,4.855679988861084,0.6576162129033608,1,0.63015625,0 0 0,4.697 2.154 1.679,0,23,286,0,1.6959820985794067,1.7810158729553223,0.952255465171787,0.39539748953974896,1
61723,137,690,Program,0,1.0,0.25,23,25,1,measured,262,0,1,238,0,21 23,8080 8080,23,25,24,1,25,0,3.3811817169189453,5.06322717666626,0.6677918250441194,1,0.632578125,0 0 0,4.620 2.426 2.076,0,1.0,0.25,286,288,1,measured,525,0,1,238,0,284,8080,-1,-1,287,1,288,0,3.217832088470459,4.8949294090271,0.6573806932815451,1,0.633984375,0 0 0,4.632 2.261 1.682,0,23,286,0,1.746653437614441,1.7947344779968262,0.9732099422104765,0.39168410041841006,1
61724,138,691,Program,0,1.0,0.25,23,25,1,measured,262,0,1,238,0,21 23,8080 8080,23,25,24,1,25,0,3.4931933879852295,5.232370376586914,0.667612026017135,1,0.61265625,0 0 0,4.784 2.496 2.145,0,1.0,0.25,286,288,1,measured,525,0,1,238,0,284,8080,-1,-1,287,1,288,0,3.404599666595459,5.199822902679443,0.6547530041534848,1,0.672890625,0 0 0,4.593 2.713 1.553,0,23,286,0,1.4982951879501343,1.573166847229004,0.9524070448021775,0.37390167364016735,1
61725,139,692,Program,0,1.0,0.25,23,25,1,measured,262,0,1,238,0,21 23,8080 8080,23,25,24,1,25,0,3.223701238632202,4.972474575042725,0.6483092452221344,1,0.613046875,0 0 0,4.611 2.091 2.055,0,1.0,0.25,286,288,1,measured,525,0,1,238,0,284,8080,-1,-1,287,1,288,0,3.187363386154175,5.040173053741455,0.6323916564309453,1,0.63578125,0 0 0,4.415 2.425 1.476,0,23,286,0,1.7576485872268677,1.8080859184265137,0.9721045716436202,0.3739539748953975,1
61726,140,693,Program,0,1.0,0.25,23,25,1,measured,262,0,1,238,0,21 23,8080 8080,23,25,24,1,25,0,3.2882323265075684,5.095764636993408,0.6452873240330197,1,0.628828125,0 0 0,4.434 2.424 1.886,0,1.0,0.25,286,288,1,measured,525,0,1,238,0,284,8080,-1,-1,287,1,288,0,2.795947313308716,4.806711673736572,0.5816756866415586,1,0.664921875,0 0 0,4.184 1.775 1.414,0,23,286,0,1.510369896888733,1.7068629264831543,0.884880603740525,0.4189330543933054,1
61727,141,694,Program,0,1.0,0.25,23,25,1,measured,262,0,1,238,0,21 23,8080 8080,23,25,24,1,25,0,3.0425684452056885,4.823211669921875,0.6308179390466128,1,0.637578125,0 0 0,4.321 2.004 1.656,0,1.0,0.25,286,288,1,measured,525,0,1,238,0,284,8080,-1,-1,287,1,288,0,2.691650390625,4.726945877075195,0.5694269536021137,1,0.667578125,0 0 0,4.037 1.700 1.301,0,23,286,0,1.6092050075531006,1.7518956661224365,0.9185507097662039,0.4517782426778243,1
61728,142,695,Program,0,1.0,0.25,23,25,1,measured,262,0,1,238,0,21 23,8080 8080,23,25,24,1,25,0,3.109853506088257,5.086084842681885,0.6114434977550307,1,0.64390625,0 0 0,4.164 2.296 1.707,0,1.0,0.25,286,288,1,measured,525,0,1,238,0,284,8080,-1,-1,287,1,288,0,2.8192968368530273,4.768150329589844,0.5912768352451554,1,0.6715625,0 0 0,4.033 1.987 1.350,0,23,286,0,1.3814195394515991,1.6426595449447632,0.840965216257305,0.45115062761506275,1
61729,143,696,Program,0,1.0,0.25,23,25,1,measured,262,0,1,238,0,21 23,8080 8080,23,25,24,1,25,0,3.1028809547424316,5.104726791381836,0.6078446666295514,1,0.644765625,0 0 0,4.174 2.276 1.529,0,1.0,0.25,286,287,1,measured,525,0,1,239,0,284,8080,-1,-1,286,1,287,0,2.8697071075439453,4.888512134552002,0.5870307833053858,1,0.667890625,0 0 0,3.943 2.177 1.334,0,23,286,0,1.2552306652069092,1.4770537614822388,0.8498205670911207,0.4643305439330544,1
61730,144,697,Program,0,1.0,0.25,23,25,1,measured,262,0,1,238,0,21 23,8080 8080,23,25,24,1,25,0,2.794667959213257,4.867855548858643,0.5741065919403705,1,0.66875,0 0 0,3.993 1.812 1.423,0,1.0,0.25,286,287,1,measured,525,0,1,239,0,284,8080,-1,-1,286,1,287,0,2.615097761154175,4.8277907371521,0.5416758727816802,1,0.56390625,0 0 0,3.960 1.624 1.271,0,23,286,0,1.3027772903442383,1.5491923093795776,0.8409396835089996,0.2787133891213389,1
61731,145,698,Program,0,1.0,0.25,23,25,1,measured,262,0,1,238,0,21 23,8080 8080,23,25,24,1,25,0,2.915273427963257,5.006584167480469,0.5822879093692236,1,0.645859375,0 0 0,4.283 1.782 1.585,0,1.0,0.25,286,288,1,measured,525,0,1,238,0,284,8080,-1,-1,287,1,288,0,3.0864551067352295,5.290389060974121,0.5834079632258501,1,0.676171875,0 0 0,3.895 2.708 1.258,0,23,286,0,1.1664371490478516,1.3815897703170776,0.8442717035898086,0.2563807531380753,1
61732,146,699,Program,0,1.0,0.25,23,25,1,measured,262,0,1,238,0,21 23,8080 8080,23,25,24,1,25,0,3.4278125762939453,5.571649074554443,0.6152240621091274,1,0.641015625,0 0 0,4.402 2.769 1.444,0,1.0,0.25,286,288,1,measured,525,0,1,238,0,284,8080,-1,-1,287,1,288,0,3.0971288681030273,5.447238445281982,0.5685686241228423,1,0.6559375,0 0 0,4.012 2.630 1.179,0,23,286,0,1.5113292932510376,1.7873570919036865,0.8455665071613329,0.44952928870292885,1
61733,147,700,Program,0,1.0,0.25,23,25,1,measured,262,0,1,238,0,21 23,8080 8080,23,25,24,1,25,0,3.416630744934082,5.612607955932617,0.6087420984611348,1,0.650859375,0 0 0,4.388 2.748 1.427,0,1.0,0.25,286,288,1,measured,525,0,1,238,0,284,8080,-1,-1,287,1,288,0,2.6375489234924316,5.0442609786987305,0.522881138511759,1,0.671015625,0 0 0,3.915 1.706 1.255,0,23,286,0,1.394351601600647,1.6707675457000732,0.8345575093250902,0.27060669456066944,1
61734,148,701,Program,0,1.0,0.25,23,25,1,measured,262,0,1,238,0,21 23,8080 8080,23,25,24,1,25,0,3.361435651779175,5.630070686340332,0.5970503460879601,1,0.63203125,0 0 0,4.454 2.570 1.377,0,1.0,0.25,286,288,1,measured,525,0,1,238,0,284,8080,-1,-1,287,1,288,0,2.921523332595825,5.301700115203857,0.5510540523062928,1,0.66640625,0 0 0,3.929 2.320 1.242,0,23,286,0,1.4838453531265259,1.6966416835784912,0.8745779191260092,0.4566945606694561,1
61735,149,702,Program,0,1.0,0.25,23,25,1,measured,262,0,1,238,0,21 23,8080 8080,23,25,24,1,25,0,3.189404249191284,5.577810764312744,0.5718021610911102,1,0.638359375,0 0 0,4.093 2.573 1.324,0,1.0,0.25,286,288,1,measured,525,0,1,238,0,284,8080,-1,-1,287,1,288,0,2.9770801067352295,5.3602399826049805,0.5554005261698044,1,0.66171875,0 0 0,3.921 2.457 1.257,0,23,286,0,1.3208684921264648,1.6027873754501343,0.8241071226029004,0.2542887029288703,1
61736,150,703,Program,0,1.0,0.25,23,25,1,measured,262,0,1,238,0,21 23,8080 8080,23,25,24,1,25,0,3.4887988567352295,5.75761604309082,0.605945035345282,1,0.636171875,0 0 0,4.243 3.045 1.323,0,1.0,0.25,286,288,1,measured,525,0,1,238,0,284,8080,-1,-1,287,1,288,0,3.077392578125,5.546167373657227,0.5548683209132437,1,0.675859375,0 0 0,3.750 2.866 1.197,0,23,286,0,1.3640110492706299,1.745646595954895,0.7813786893815671,0.4655334728033473,1
61737,151,704,Program,0,1.0,0.25,23,25,1,measured,262,0,1,238,0,21 23,8080 8080,23,25,24,1,25,0,2.8959178924560547,5.254539966583252,0.551126818117841,1,0.64671875,0 0 0,4.199 1.830 1.388,0,1.0,0.25,286,288,1,measured,525,0,1,238,0,284,8080,-1,-1,287,1,288,0,2.833017587661743,5.384885787963867,0.5261054178705179,1,0.67546875,0 0 0,3.776 2.315 1.157,0,23,286,0,1.2486885786056519,1.4568853378295898,0.857094615603654,0.4885460251046025,1
61738,152,705,Program,0,1.0,0.25,23,26,1,measured,262,0,1,237,0,21 24,8080 8080,24,26,25,1,26,1,3.0520341396331787,5.451328277587891,0.5598698123136414,1,0.6526729559748428,1 1 1,3.974 2.374 1.332,0,1.0,0.25,286,288,1,measured,525,0,1,238,0,284,8080,-1,-1,287,1,288,0,3.0059375762939453,5.565752983093262,0.5400774316475944,1,0.668828125,0 0 0,3.756 2.679 1.244,0,23,286,0,1.047497272491455,1.0787415504455566,0.9710363636765482,0.422907949790795,1
61739,153,706,Program,0,1.0,0.25,23,25,1,measured,262,0,1,238,0,21 23,8080 8080,23,25,24,1,25,-1,3.346816062927246,5.801562309265137,0.5768818612156171,1,0.6322327044025158,-1 -1 -1,4.231 2.775 1.317,0,1.0,0.25,286,288,1,measured,525,0,1,238,0,284,8080,-1,-1,287,1,288,0,2.6398143768310547,5.291008472442627,0.49892461722185977,1,0.67609375,0 0 0,3.890 1.765 1.086,0,23,286,0,1.069327473640442,1.1082128286361694,0.9649116541598042,0.4036087866108787,1
61740,154,707,Program,0,1.0,0.25,23,25,1,measured,262,0,1,238,0,21 23,8080 8080,23,25,24,1,25,0,3.5113184452056885,6.0674920082092285,0.5787100239200852,1,0.64390625,0 0 0,4.186 3.142 1.351,0,1.0,0.25,286,288,1,measured,525,0,1,238,0,284,8080,-1,-1,287,1,288,0,3.350390672683716,5.920233726501465,0.5659220273155692,1,0.63671875,0 0 0,3.838 3.360 1.189,0,23,286,0,1.4012174606323242,1.7357951402664185,0.807248175851707,0.4446129707112971,1
61741,155,708,Program,0,1.0,0.25,23,26,1,measured,262,0,1,237,0,21 24,8080 8080,24,26,25,1,26,1,2.927201271057129,5.547304630279541,0.5276799213584239,1,0.6275157232704403,1 1 1,4.129 1.946 1.258,0,1.0,0.25,286,288,1,measured,525,0,1,238,0,284,8080,-1,-1,287,1,288,0,2.655820369720459,5.423054218292236,0.4897277922765814,1,0.65734375,0 0 0,3.720 1.918 1.153,0,23,286,0,1.0243884325027466,1.040399193763733,0.9846109441866577,0.398744769874477,1
61742,156,709,Program,0,1.0,0.25,23,25,1,measured,262,0,1,238,0,21 23,8080 8080,23,25,24,1,25,-1,3.2385809421539307,5.930224418640137,0.5461143986346088,1,0.629874213836478,-1 -1 -1,4.188 2.560 1.280,0,1.0,0.25,286,288,1,measured,525,0,1,238,0,284,8080,-1,-1,287,1,288,0,2.9489452838897705,5.759787559509277,0.5119885505188693,1,0.66453125,0 0 0,3.783 2.512 1.317,0,23,286,0,1.0557808876037598,1.085963249206543,0.9722068296281334,0.38043933054393303,1
61743,157,710,Program,0,1.0,0.25,23,26,1,measured,262,0,1,237,0,21 24,8080 8080,24,26,25,1,26,1,2.9747347831726074,5.739628791809082,0.5182799952878131,1,0.6458333333333334,1 1 1,4.207 1.966 1.306,0,1.0,0.25,286,288,1,measured,525,0,1,238,0,284,8080,-1,-1,287,1,288,0,3.021484375,5.976778507232666,0.5055372842315669,1,0.656953125,0 0 0,3.855 2.637 1.169,0,23,286,0,1.080208420753479,1.1112215518951416,0.9720909560395306,0.3957635983263598,1
61744,158,711,Program,0,1.0,0.25,23,26,1,measured,262,0,1,237,0,21 24,8080 8080,24,26,25,1,26,0,3.3609960079193115,6.182262420654297,0.5436514627218949,1,0.62921875,0 0 0,4.319 2.718 1.205,0,1.0,0.25,286,288,1,measured,525,0,1,238,0,284,8080,-1,-1,287,1,288,0,2.705820322036743,5.806024074554443,0.4660367038254813,1,0.67359375,0 0 0,3.895 1.887 1.206,0,23,286,-1,1.2504360675811768,1.6131781339645386,0.7751382449674737,0.2848326359832636,1
61745,159,712,Program,0,1.0,0.25,23,25,1,measured,262,0,1,238,0,21 23,8080 8080,23,25,24,1,25,-1,3.114121437072754,6.032724380493164,0.516204825657588,1,0.6278301886792453,-1 -1 -1,4.331 2.132 1.319,0,1.0,0.25,286,288,1,measured,525,0,1,238,0,284,8080,-1,-1,287,1,288,0,2.7535643577575684,5.841116428375244,0.47141062697897557,1,0.65609375,0 0 0,3.902 1.969 1.199,0,23,286,0,1.0003360509872437,1.0499227046966553,0.952771138782318,0.38906903765690376,1
61746,160,713,Program,0,1.0,0.25,23,25,1,measured,262,0,1,238,0,21 23,8080 8080,23,25,24,1,25,0,2.9352245330810547,5.951916217803955,0.4931562249315478,1,0.653046875,0 0 0,4.191 1.915 1.247,0,1.0,0.25,286,288,1,measured,525,0,1,238,0,284,8080,-1,-1,287,1,288,0,2.8246874809265137,5.7612714767456055,0.49028890451142343,1,0.659921875,0 0 0,3.929 2.095 1.315,0,23,286,0,1.4083012342453003,1.852002501487732,0.7604208056490194,0.45418410041841006,1
61747,161,714,Program,0,1.0,0.25,23,26,1,measured,262,0,1,237,0,21 24,8080 8080,24,26,25,1,26,1,3.157832145690918,6.127343654632568,0.515367233124495,1,0.6375786163522013,1 1 1,4.145 2.433 1.315,0,1.0,0.25,286,287,1,measured,525,0,1,239,0,284,8080,-1,-1,286,1,287,0,3.0172948837280273,5.916273593902588,0.5099992141738852,1,0.660703125,0 0 0,3.859 2.591 1.295,0,23,286,-1,1.0725479125976562,1.0822805166244507,0.9910073184564482,0.4225941422594142,1
61748,162,715,Program,0,1.0,0.25,23,26,1,measured,262,0,1,237,0,21 24,8080 8080,24,26,25,1,26,0,3.255976676940918,6.305001735687256,0.5164117019209687,1,0.63265625,0 0 0,4.167 2.605 1.391,0,1.0,0.25,286,287,1,measured,525,0,1,239,0,284,8080,-1,-1,286,1,287,0,3.043955087661743,6.159188270568848,0.4942136778326815,1,0.642109375,0 0 0,3.816 2.695 1.233,0,23,286,-1,1.5770927667617798,2.055269479751587,0.7673411113721191,0.44890167364016736,1
61749,163,716,Program,0,1.0,0.25,23,26,1,measured,262,0,1,237,0,21 24,8080 8080,24,26,25,1,26,0,3.044365167617798,6.118946552276611,0.49753092981096775,1,0.632109375,0 0 0,4.289 2.044 1.367,0,1.0,0.25,286,287,1,measured,525,0,1,239,0,284,8080,-1,-1,286,1,287,0,2.7495410442352295,5.968523979187012,0.46067353567200575,1,0.64703125,0 0 0,3.827 2.019 1.240,0,23,286,-1,1.4262257814407349,1.8851914405822754,0.756541617333155,0.45172594142259415,1
61750,164,717,Program,0,1.0,0.25,23,25,1,measured,262,0,1,238,0,21 23,8080 8080,23,25,24,1,25,-1,3.1708528995513916,6.228339672088623,0.5091008304767155,1,0.6171383647798742,-1 -1 -1,4.476 2.126 1.260,0,1.0,0.25,286,287,1,measured,525,0,1,239,0,284,8080,-1,-1,286,1,287,0,2.8035449981689453,6.021069049835205,0.46562246255018075,1,0.6621875,0 0 0,3.749 2.271 1.168,0,23,286,0,1.0920865535736084,1.1175575256347656,0.9772083570850728,0.38614016736401674,1
61751,165,718,Program,0,1.0,0.25,23,25,1,measured,262,0,1,238,0,21 23,8080 8080,23,25,24,1,25,0,3.3696093559265137,6.412696361541748,0.5254590527839039,1,0.6146875,0 0 0,4.508 2.544 1.369,0,1.0,0.25,286,287,1,measured,525,0,1,239,0,284,8080,-1,-1,286,1,287,0,2.6783690452575684,5.999882221221924,0.4464036036880899,1,0.665390625,0 0 0,3.831 1.889 1.243,0,23,286,0,1.2994272708892822,1.746656060218811,0.7439514283805235,0.4280857740585774,1
61752,166,719,Program,0,1.0,0.25,23,25,1,measured,262,0,1,238,0,21 23,8080 8080,23,25,24,1,25,0,3.555771589279175,6.578685283660889,0.5404988133587185,1,0.59828125,0 0 0,4.552 2.892 1.362,0,1.0,0.25,286,287,1,measured,525,0,1,239,0,284,8080,-1,-1,286,1,287,0,3.0155858993530273,6.224213600158691,0.4844926753921399,1,0.6384375,0 0 0,3.901 2.553 1.180,0,23,286,0,1.4270414113998413,1.8460780382156372,0.7730125064372555,0.4153765690376569,1
61753,167,720,Program,0,1.0,0.25,23,26,1,measured,262,0,1,237,0,21 24,8080 8080,24,26,25,1,26,1,3.4828813076019287,6.700800895690918,0.5197708993027481,1,0.6055817610062894,1 1 1,4.383 2.891 1.192,0,1.0,0.25,286,288,1,measured,525,0,1,238,0,284,8080,-1,-1,287,1,288,0,3.1138477325439453,6.430778503417969,0.48421007361533763,1,0.64234375,0 0 0,3.948 2.746 1.216,0,23,286,0,1.1134148836135864,1.1447030305862427,0.9726670183124854,0.3608786610878661,1
61754,168,721,Program,0,1.0,0.25,23,25,1,measured,262,0,1,238,0,21 23,8080 8080,23,25,24,1,25,-1,3.4338738918304443,6.672399044036865,0.5146385684020658,1,0.617059748427673,-1 -1 -1,4.351 2.809 1.346,0,1.0,0.25,286,288,1,measured,525,0,1,238,0,284,8080,-1,-1,287,1,288,0,3.1506738662719727,6.5512871742248535,0.4809244019507906,1,0.64359375,0 0 0,4.083 2.665 1.233,0,23,286,0,1.0985697507858276,1.1036186218261719,0.9954251668642653,0.377092050209205,1
61755,169,722,Program,0,1.0,0.25,23,25,1,measured,262,0,1,238,0,21 23,8080 8080,23,25,24,1,25,0,3.314521551132202,6.699489116668701,0.4947424338499914,1,0.610234375,0 0 0,4.419 2.509 1.332,0,1.0,0.25,286,288,1,measured,525,0,1,238,0,284,8080,-1,-1,287,1,288,0,3.084218740463257,6.627554893493652,0.46536298680695504,1,0.637265625,0 0 0,4.145 2.481 1.181,0,23,286,0,1.5621283054351807,1.8112866878509521,0.8624412225370066,0.4309623430962343,1
61756,170,723,Program,0,1.0,0.25,23,25,1,measured,262,0,1,238,0,21 23,8080 8080,23,25,24,1,25,0,3.3763184547424316,6.80289888381958,0.4963058414366365,1,0.618359375,0 0 0,4.371 2.653 1.346,0,1.0,0.25,286,288,1,measured,525,0,1,238,0,284,8080,-1,-1,287,1,288,0,2.9178807735443115,6.553547382354736,0.4452368470548688,1,0.646875,0 0 0,4.043 2.191 1.219,0,23,286,0,1.4718247652053833,1.8782196044921875,0.783627623567117,0.4294979079497908,1
61757,171,724,Program,0,1.0,0.25,23,25,1,measured,262,0,1,238,0,21 23,8080 8080,23,25,24,1,25,0,3.3126463890075684,6.725118160247803,0.4925781688994898,1,0.610703125,0 0 0,4.425 2.498 1.254,0,1.0,0.25,286,288,1,measured,525,0,1,238,0,284,8080,-1,-1,287,1,288,0,2.882568359375,6.46176290512085,0.4460962746080652,1,0.63890625,0 0 0,3.918 2.250 1.236,0,23,286,0,1.498668909072876,1.7800999879837036,0.841901533166347,0.439592050209205,1
61758,172,725,Program,0,1.0,0.25,23,25,1,measured,262,0,1,238,0,21 23,8080 8080,23,25,24,1,25,0,4.397753715515137,7.817325115203857,0.5625650271295457,1,0.593125,0 0 0,4.481 4.771 1.244,0,1.0,0.25,286,288,1,measured,525,0,1,238,0,284,8080,-1,-1,287,1,288,0,3.948193311691284,7.534876346588135,0.5239891313517129,1,0.625546875,0 0 0,3.905 4.634 1.299,0,23,286,0,1.4388070106506348,1.837634563446045,0.7829668854032086,0.4276673640167364,1
61759,173,726,Program,0,1.0,0.25,23,26,1,measured,262,0,1,237,0,21 24,8080 8080,24,26,25,1,26,1,3.9467766284942627,7.549140453338623,0.5228113919577152,1,0.5790880503144654,1 1 1,4.327 3.921 1.254,0,1.0,0.25,286,287,1,measured,525,0,1,239,0,284,8080,-1,-1,286,1,287,0,3.5674219131469727,7.333942413330078,0.4864262237269375,1,0.623359375,0 0 0,3.903 3.787 1.187,0,23,286,0,1.1096552610397339,1.1263837814331055,0.9851484718893166,0.35277196652719667,1
61760,174,727,Program,0,1.0,0.25,23,25,1,measured,262,0,1,238,0,21 23,8080 8080,23,25,24,1,25,-1,4.334394454956055,7.911806583404541,0.5478387785727334,1,0.6358490566037736,-1 -1 -1,4.555 4.552 1.246,0,1.0,0.25,286,287,1,measured,525,0,1,239,0,284,8080,-1,-1,286,1,287,0,3.858837842941284,7.7155070304870605,0.5001405387479357,1,0.628046875,0 0 0,4.032 4.286 1.269,0,23,286,-1,1.2157000303268433,1.218723177909851,0.9975194140574297,0.36385983263598326,1
61761,175,728,Program,0,1.0,0.25,23,26,1,measured,262,0,1,237,0,21 24,8080 8080,24,26,25,1,26,1,3.4542648792266846,7.323818206787109,0.4716480914320835,1,0.6341981132075472,1 1 1,4.584 2.618 1.329,0,1.0,0.25,286,288,1,measured,525,0,1,238,0,284,8080,-1,-1,287,1,288,0,3.8352930545806885,7.851582050323486,0.4884739190138978,1,0.6184375,0 0 0,4.051 4.216 1.192,0,23,286,0,1.1663086414337158,1.2043968439102173,0.968375703847875,0.35910041841004187,1
61762,176,729,Program,0,1.0,0.25,23,26,1,measured,262,0,1,237,0,21 24,8080 8080,24,26,25,1,26,0,4.177793025970459,8.118258476257324,0.5146169019117636,1,0.64203125,0 0 0,4.184 4.565 1.373,0,1.0,0.25,286,288,1,measured,525,0,1,238,0,284,8080,-1,-1,287,1,288,0,4.142431735992432,8.377161979675293,0.49449106344640553,1,0.60296875,0 0 0,4.103 4.882 1.199,0,23,286,-1,1.5889296531677246,1.9525632858276367,0.8137660196218541,0.3973849372384937,1
61763,177,730,Program,0,1.0,0.25,23,25,1,measured,262,0,1,238,0,21 23,8080 8080,23,25,24,1,25,-1,4.6424431800842285,8.634072303771973,0.5376887078020045,1,0.6129716981132075,-1 -1 -1,4.305 5.463 1.354,0,1.0,0.25,286,288,1,measured,525,0,1,238,0,284,8080,-1,-1,287,1,288,0,3.0077342987060547,7.476071357727051,0.4023148194803341,1,0.618671875,0 0 0,3.973 2.454 1.195,0,23,286,0,1.124036192893982,1.1739393472671509,0.9574908580333898,0.3561192468619247,1
61764,178,731,Program,0,1.0,0.25,23,25,1,measured,262,0,1,238,0,21 23,8080 8080,23,25,24,1,25,0,3.5986621379852295,7.867197513580322,0.4574261840729478,1,0.6375,0 0 0,4.498 3.020 1.358,0,1.0,0.25,286,288,1,measured,525,0,1,238,0,284,8080,-1,-1,287,1,288,0,3.3302245140075684,7.494182586669922,0.4443746166434638,1,0.65703125,0 0 0,4.348 2.748 1.317,0,23,286,0,1.5155000686645508,1.9556992053985596,0.7749147028751291,0.3990062761506276,1
61765,179,732,Program,0,1.0,0.25,23,25,1,measured,262,0,1,238,0,21 23,8080 8080,23,25,24,1,25,0,5.04031229019165,9.313531875610352,0.5411816223436009,1,0.6140625,0 0 0,4.456 6.121 1.382,0,1.0,0.25,286,288,1,measured,525,0,1,238,0,284,8080,-1,-1,287,1,288,0,4.751972675323486,8.958579063415527,0.530438213659272,1,0.6528125,0 0 0,4.106 6.183 1.382,0,23,286,0,1.502781629562378,1.9959323406219482,0.7529221301630392,0.3983786610878661,1
61766,180,733,Program,0,1.0,0.25,23,26,1,measured,262,0,1,237,0,21 24,8080 8080,24,26,25,1,26,1,5.255277156829834,9.840117454528809,0.5340665069410476,1,0.606996855345912,1 1 1,4.507 6.560 1.260,0,1.0,0.25,286,288,1,measured,525,0,1,238,0,284,8080,-1,-1,287,1,288,0,4.853613376617432,9.369438171386719,0.5180260852181999,1,0.638046875,0 0 0,4.157 6.335 1.380,0,23,286,0,1.0927810668945312,1.1026204824447632,0.991076335233302,0.3205020920502092,1
61767,181,734,Program,0,1.0,0.25,23,26,1,measured,262,0,1,237,0,21 24,8080 8080,24,26,25,1,26,0,3.583730459213257,8.536458015441895,0.4198146880978648,1,0.5703125,0 0 0,4.316 3.182 1.234,0,1.0,0.25,286,288,1,measured,525,0,1,238,0,284,8080,-1,-1,287,1,288,0,3.6714844703674316,8.574911117553711,0.4281658923381178,1,0.649375,0 0 0,4.245 3.661 1.337,0,23,286,-1,1.685010552406311,2.0881288051605225,0.8069476117766489,0.3965481171548117,1
61768,182,735,Program,0,1.0,0.25,23,26,1,measured,262,0,1,237,0,21 24,8080 8080,24,26,25,1,26,0,3.881718635559082,8.834866523742676,0.43936358575734163,1,0.626015625,0 0 0,4.433 3.683 1.391,0,1.0,0.25,286,288,1,measured,525,0,1,238,0,284,8080,-1,-1,287,1,288,0,4.808095932006836,9.93005084991455,0.48419650661186797,1,0.6340625,0 0 0,4.185 6.303 1.166,0,23,286,-1,1.6985865831375122,2.2777974605560303,0.7457144950556194,0.3700313807531381,1
61769,183,736,Program,0,1.0,0.25,23,25,1,measured,262,0,1,238,0,21 23,8080 8080,23,25,24,1,25,-1,5.2871856689453125,10.182158470153809,0.5192598096408773,1,0.5981132075471698,-1 -1 -1,4.626 6.507 1.374,0,1.0,0.25,286,288,1,measured,525,0,1,238,0,284,8080,-1,-1,287,1,288,0,3.4669432640075684,8.74903678894043,0.39626570874522976,1,0.574140625,0 0 0,4.183 3.293 1.234,0,23,286,0,1.198349118232727,1.2448221445083618,0.9626669348061854,0.31365062761506274,1
61770,184,737,Program,0,1.0,0.25,23,25,1,measured,262,0,1,238,0,21 23,8080 8080,23,25,24,1,25,0,5.448173999786377,10.688138961791992,0.5097401913712513,1,0.60203125,0 0 0,4.435 7.026 1.599,0,1.0,0.25,286,288,1,measured,525,0,1,238,0,284,8080,-1,-1,287,1,288,0,5.303515434265137,10.6445951461792,0.49823552342136707,1,0.62515625,0 0 0,4.331 7.230 1.218,0,23,286,0,1.6694303750991821,2.1884055137634277,0.7628523893765202,0.32526150627615064,1
61771,185,738,Program,0,1.0,0.25,23,25,1,measured,262,0,1,238,0,21 23,8080 8080,23,25,24,1,25,0,4.091054916381836,9.281044006347656,0.44079684500836425,1,0.64125,0 0 0,4.678 3.865 1.724,0,1.0,0.25,286,288,1,measured,525,0,1,238,0,284,8080,-1,-1,287,1,288,0,3.676884651184082,9.214485168457031,0.39903310754362825,1,0.61625,0 0 0,4.510 3.445 1.183,0,23,286,0,1.7439221143722534,2.253408670425415,0.7739040579989528,0.3248430962343096,1
61772,186,739,Program,0,1.0,0.25,23,25,1,measured,262,0,1,238,0,21 23,8080 8080,23,25,24,1,25,0,3.942031145095825,9.307714462280273,0.4235229992358486,1,0.613125,0 0 0,4.479 3.633 1.978,0,1.0,0.25,286,288,1,measured,525,0,1,238,0,284,8080,-1,-1,287,1,288,0,3.8672168254852295,9.285269737243652,0.41648944348634714,1,0.6021875,0 0 0,4.387 3.786 1.872,0,23,286,0,1.6857929229736328,2.0818357467651367,0.8097626940997168,0.3561715481171548,1
61773,187,740,Program,0,1.0,0.25,23,26,1,measured,262,0,1,237,0,21 24,8080 8080,24,26,25,1,26,1,3.7179834842681885,9.1231050491333,0.4075348759270725,1,0.614937106918239,1 1 1,4.321 3.422 1.504,0,1.0,0.25,286,288,1,measured,525,0,1,238,0,284,8080,-1,-1,287,1,288,0,3.7846288681030273,9.32742691040039,0.4057527230669629,1,0.61875,0 0 0,4.217 3.639 2.045,0,23,286,0,1.2679448127746582,1.3107612133026123,0.9673347058995793,0.4100418410041841,1
61774,188,741,Program,0,1.0,0.25,23,25,1,measured,262,0,1,238,0,21 23,8080 8080,23,25,24,1,25,-1,3.902191400527954,9.20193862915039,0.4240618806309341,1,0.5992138364779874,-1 -1 -1,4.534 3.454 2.202,0,1.0,0.25,286,288,1,measured,525,0,1,238,0,284,8080,-1,-1,287,1,288,0,3.781308650970459,9.393739700317383,0.4025349617514632,1,0.61234375,0 0 0,4.144 3.772 1.966,0,23,286,0,1.263838291168213,1.3055461645126343,0.9680533140243331,0.3873953974895398,1
61775,189,742,Program,0,1.0,0.25,23,25,1,measured,262,0,1,238,0,21 23,8080 8080,23,25,24,1,25,0,3.8781347274780273,9.388060569763184,0.41309221416493846,1,0.610859375,0 0 0,4.505 3.400 2.087,0,1.0,0.25,286,288,1,measured,525,0,1,238,0,284,8080,-1,-1,287,1,288,0,3.707041025161743,9.398693084716797,0.39442090424143733,1,0.60765625,0 0 0,4.202 3.751 1.538,0,23,286,0,1.7715789079666138,2.3167665004730225,0.7646773671860777,0.3565899581589958,1
61776,190,743,Program,0,1.0,0.25,23,26,1,measured,262,0,1,237,0,21 24,8080 8080,24,26,25,1,26,1,3.7848565578460693,9.33651351928711,0.4053822178940156,1,0.6212264150943396,1 1 1,4.371 3.349 2.110,0,1.0,0.25,286,288,1,measured,525,0,1,238,0,284,8080,-1,-1,287,1,288,0,3.861708879470825,9.368160247802734,0.41221635596771244,1,0.614375,0 0 0,4.271 3.802 2.197,0,23,286,-1,1.3017674684524536,1.3151878118515015,0.9897958730470936,0.38802301255230126,1
61777,191,744,Program,0,1.0,0.25,23,26,1,measured,262,0,1,237,0,21 24,8080 8080,24,26,25,1,26,0,3.928115129470825,9.540369033813477,0.4117361829032602,1,0.61359375,0 0 0,4.464 3.507 2.494,0,1.0,0.25,286,287,1,measured,525,0,1,239,0,284,8080,-1,-1,286,1,287,0,3.878798723220825,9.35175895690918,0.41476675576150596,1,0.62015625,0 0 0,4.348 3.620 2.358,0,23,286,-1,1.6298861503601074,2.330449104309082,0.6993871470294678,0.3331589958158996,1
61778,192,745,Program,0,1.0,0.25,23,26,1,measured,262,0,1,237,0,21 24,8080 8080,24,26,25,1,26,0,3.9995508193969727,9.629294395446777,0.41535242927957056,1,0.656875,0 0 0,4.627 3.553 2.161,0,1.0,0.25,286,287,1,measured,525,0,1,239,0,284,8080,-1,-1,286,1,287,0,3.885986328125,9.469998359680176,0.41034709622233123,1,0.620625,0 0 0,4.334 3.734 2.147,0,23,286,-1,1.740244746208191,2.386763572692871,0.7291232219724034,0.3344142259414226,1
61779,193,746,Program,0,1.0,0.25,23,25,1,measured,262,0,1,238,0,21 23,8080 8080,23,25,24,1,25,-1,3.7087361812591553,9.468896865844727,0.39167563379393683,1,0.6198899371069182,-1 -1 -1,4.381 3.310 1.715,0,1.0,0.25,286,287,1,measured,525,0,1,239,0,284,8080,-1,-1,286,1,287,0,3.946591854095459,9.475156784057617,0.41651995254957463,1,0.606484375,0 0 0,4.282 3.963 2.203,0,23,286,0,1.3202155828475952,1.361659049987793,0.9695639909707432,0.3880753138075314,1
61780,194,747,Program,0,1.0,0.25,23,25,1,measured,262,0,1,238,0,21 23,8080 8080,23,25,24,1,25,0,3.854726552963257,9.590330123901367,0.401938880430859,1,0.60703125,0 0 0,4.422 3.398 2.181,0,1.0,0.25,286,287,1,measured,525,0,1,239,0,284,8080,-1,-1,286,1,287,0,3.6559276580810547,9.4288911819458,0.38773675372151195,1,0.61875,0 0 0,4.147 3.613 1.629,0,23,286,0,1.9259666204452515,2.5477488040924072,0.7559483954429114,0.3625,1
61781,195,748,Program,0,1.0,0.25,23,25,1,measured,262,0,1,238,0,21 23,8080 8080,23,25,24,1,25,0,3.7266602516174316,9.545400619506836,0.3904142319602265,1,0.612734375,0 0 0,4.363 3.364 1.690,0,1.0,0.25,286,287,1,measured,525,0,1,239,0,284,8080,-1,-1,286,1,287,0,3.690966844558716,9.49718952178955,0.3886378002766474,1,0.645078125,0 0 0,4.260 3.568 1.613,0,23,286,0,1.8206310272216797,2.4678800106048584,0.7377307727272595,0.3489539748953975,1
61782,196,749,Program,0,1.0,0.25,23,26,1,measured,262,0,1,237,0,21 24,8080 8080,24,26,25,1,26,1,3.811615467071533,9.535536766052246,0.399727415518063,1,0.6010220125786163,1 1 1,4.280 3.606 2.203,0,1.0,0.25,286,287,1,measured,525,0,1,239,0,284,8080,-1,-1,286,1,287,0,3.785703182220459,9.582488059997559,0.3950647429475037,1,0.603359375,0 0 0,4.394 3.645 1.970,0,23,286,0,1.5631475448608398,1.597962737083435,0.9782127634051473,0.3887029288702929,1
61783,197,750,Program,0,1.0,0.25,23,26,1,measured,262,0,1,237,0,21 24,8080 8080,24,26,25,1,26,0,3.8927440643310547,9.774056434631348,0.3982731315667791,1,0.6621875,0 0 0,4.445 3.633 2.445,0,1.0,0.25,286,288,1,measured,525,0,1,238,0,284,8080,-1,-1,287,1,288,0,3.6618261337280273,9.513394355773926,0.3849126817186518,1,0.6146875,0 0 0,4.451 3.343 2.382,0,23,286,-1,1.8777923583984375,2.629347801208496,0.7141665920101441,0.32777196652719665,1
61784,198,751,Program,0,1.0,0.25,23,25,1,measured,262,0,1,238,0,21 23,8080 8080,23,25,24,1,25,-1,3.8730344772338867,9.677294731140137,0.4002187165769604,1,0.6098270440251572,-1 -1 -1,4.364 3.675 1.908,0,1.0,0.25,286,288,1,measured,525,0,1,238,0,284,8080,-1,-1,287,1,288,0,3.9598827362060547,9.532429695129395,0.4154116907077071,1,0.65984375,0 0 0,4.542 3.823 1.862,0,23,286,0,1.333205223083496,1.3914965391159058,0.958108903332634,0.38268828451882847,1
