ordinal,local_exact,counter,event,no_placement_expected,f1_blank_mean,f1_blank_noise,f1_active_top_line,f1_top_line,f1_top_valid,f1_top_status,f1_bottom_line,f1_bottom_valid,f1_height,f1_height_valid,f1_bottom_h_shift_px,f1_bottom_h_mad,f1_bottom_h_second_mad,f1_bottom_h_ratio,f1_cc_waveform_lines,f1_cc_waveform_scores,f1_cc_start_scores,f1_cc_cell_ratios,f1_cc_parity_lines,f1_line21_lines,f1_line21_bytes,f1_line21_unique_line,f1_line21_implied_top,f1_gap_line,f1_gap_valid,f1_gap_implied_top,f1_body_shift,f1_body_mad,f1_body_second_mad,f1_body_ratio,f1_body_unique,f1_static_fraction,f1_band_shifts,f1_band_mads,f1_repeated,f2_blank_mean,f2_blank_noise,f2_active_top_line,f2_top_line,f2_top_valid,f2_top_status,f2_bottom_line,f2_bottom_valid,f2_height,f2_height_valid,f2_bottom_h_shift_px,f2_bottom_h_mad,f2_bottom_h_second_mad,f2_bottom_h_ratio,f2_cc_waveform_lines,f2_cc_waveform_scores,f2_cc_start_scores,f2_cc_cell_ratios,f2_cc_parity_lines,f2_line21_lines,f2_line21_bytes,f2_line21_unique_line,f2_line21_implied_top,f2_gap_line,f2_gap_valid,f2_gap_implied_top,f2_body_shift,f2_body_mad,f2_body_second_mad,f2_body_ratio,f2_body_unique,f2_static_fraction,f2_band_shifts,f2_band_mads,f2_repeated,comb_crop_f1_line,comb_crop_f2_line,comb_best_shift,comb_best_energy,comb_second_energy,comb_ratio,comb_static_fraction,comb_valid
2540,0,7055,Program,0,1.0,0.25,25,25,1,measured,262,1,238,1,-32,102.12479400634766,102.20410919189453,0.9992239530663297,21 24,0.095238 0.070627,0.230769 0.006410,0.870968 0.921260,21,21,8080,-1,-1,-1,0,-1,-128,nan,nan,nan,0,0.0,-128 -128 -128,nan nan nan,0,1.0,0.25,287,287,1,measured,525,1,239,1,-9,1.3922275304794312,1.392455816268921,0.9998360552724025,284 286,0.095737 0.052189,0.235484 0.029032,1.950495 0.955060,284,284,8080,-1,-1,-1,0,-1,-128,nan,nan,nan,0,0.0,-128 -128 -128,nan nan nan,0,23,286,-128,nan,nan,nan,0.0,0
2541,1,7056,Program,0,1.0,0.25,25,25,1,measured,262,1,238,1,32,102.51913452148438,102.56187438964844,0.9995832772322228,21 24,0.096707 0.055311,0.235390 0.006494,0.835821 0.863882,21,21,8080,-1,-1,-1,0,-1,0,10.611015319824219,14.568946838378906,0.7283309794138085,1,0.68078125,0 0 0,8.921 11.716 11.516,0,1.0,0.25,287,287,1,measured,525,1,239,1,-10,0.9329855442047119,0.9331210255622864,0.9998548083754808,284 286,0.095925 0.056319,0.232372 0.003205,0.922414 0.829672,284,284,8080,-1,-1,-1,0,-1,0,4.950517654418945,11.429815292358398,0.43312315446853283,1,0.695390625,0 0 0,5.053 4.913 5.517,0,23,286,-1,5.723646640777588,7.974924087524414,0.717705470040948,0.3434623430962343,1
2542,2,7057,Program,0,1.0,0.25,25,25,1,measured,262,1,238,1,32,101.11397552490234,101.15988159179688,0.9995462028407687,21 24,0.095737 0.052419,0.232258 0.011290,0.796992 1.097228,21,21,8080,-1,-1,-1,0,-1,0,5.100644588470459,11.718976020812988,0.4352466102338358,1,0.7296875,0 0 0,5.201 5.036 5.094,0,1.0,0.25,287,287,1,measured,525,1,239,1,3,1.2613095045089722,1.2617249488830566,0.9996707330116186,284 286,0.096823 0.068646,0.237013 0.004870,2.740260 0.808190,284,284,8080,-1,-1,-1,0,-1,0,4.979355335235596,11.512028694152832,0.43253500034834874,1,0.701484375,0 0 0,5.013 5.008 5.490,0,23,286,-1,5.50110387802124,8.559772491455078,0.6426694031310762,0.39984309623430964,1
2543,3,7058,Program,0,1.0,0.25,25,25,1,measured,262,1,238,1,32,102.07820129394531,102.11690521240234,0.9996209842202275,21 24,0.096083 0.063364,0.235484 0.006452,0.857143 1.012389,21,21,8080,-1,-1,-1,0,-1,0,11.16788101196289,15.135956764221191,0.7378377981603282,1,0.67296875,0 0 0,9.479 12.884 12.946,0,1.0,0.25,287,287,1,measured,525,1,239,1,-32,1.0133111476898193,1.0137042999267578,0.999612162800368,284 286,0.096198 0.065092,0.232258 0.020968,0.702128 1.086728,284,284,8080,-1,-1,-1,0,-1,0,11.0791015625,14.832389831542969,0.7469532346661276,1,0.661640625,0 0 0,9.383 12.670 13.138,0,23,286,-1,5.623640060424805,7.790022373199463,0.7219029408403487,0.38697698744769876,1
2544,4,7059,Program,0,1.0,0.25,25,25,1,measured,262,1,238,1,32,100.80948638916016,100.8590087890625,0.9995089937874968,21 24,0.094437 0.064675,0.123397 0.000000,0.259740 0.935662,21,21,8080,-1,-1,-1,0,-1,0,5.046513557434082,11.491116523742676,0.43916651154020536,1,0.683203125,0 0 0,5.040 5.056 5.291,0,1.0,0.25,287,287,1,measured,525,1,239,1,0,1.1763428449630737,1.1772152185440063,0.9992589514923095,284 286,0.096083 0.064171,0.235484 0.006452,2.291139 0.696453,284,284,8080,-1,-1,-1,0,-1,0,4.969951152801514,11.168828964233398,0.4449840863994858,1,0.6915625,0 0 0,4.984 4.925 5.550,0,23,286,-1,5.402616500854492,8.050050735473633,0.6711282547633066,0.3238493723849372,1
2545,5,7060,Program,0,1.0,0.25,25,25,1,measured,262,1,238,1,32,104.80615997314453,104.84841918945312,0.9995969494186437,21 24,0.096083 0.060829,0.237097 0.001613,1.877551 0.858060,21,21,8080,-1,-1,-1,0,-1,0,4.992002010345459,11.661664962768555,0.42806940743736865,1,0.688125,0 0 0,5.086 4.884 5.186,0,1.0,0.25,287,287,1,measured,525,1,239,1,-19,1.1585911512374878,1.1603658199310303,0.9984705955112949,284 286,0.095124 0.057120,0.235577 0.003205,2.148936 0.825302,284,284,8080,-1,-1,-1,0,-1,0,11.11898422241211,15.026110649108887,0.7399775285876464,1,0.67171875,0 0 0,8.759 13.716 14.751,0,23,286,-1,5.868525505065918,8.11142635345459,0.7234887243433531,0.3978556485355649,1
2546,6,7061,Program,0,1.0,0.25,25,25,1,measured,262,1,238,1,32,100.90557098388672,100.9445571899414,0.999613785952012,21 24,0.095238 0.065018,0.232372 0.001603,1.967033 1.014826,21,21,8080,-1,-1,-1,0,-1,0,11.053740501403809,15.252958297729492,0.7246948615239598,1,0.680078125,0 0 0,8.992 13.513 14.747,0,1.0,0.25,287,287,1,measured,525,1,239,1,-14,1.1585217714309692,1.1596773862838745,0.9990035031582288,284 286,0.094780 0.070971,0.232372 0.014423,2.380952 0.555728,284,284,8080,-1,-1,-1,0,-1,0,5.026288986206055,11.707016944885254,0.42933985744353254,1,0.698203125,0 0 0,5.117 4.976 5.462,0,23,286,-1,5.7453789710998535,7.893311977386475,0.7278793727601002,0.37065899581589956,1
2547,7,7062,Program,0,1.0,0.25,26,26,1,measured,262,1,237,1,32,100.29222106933594,100.3318099975586,0.9996054199737489,21 25,0.094404 0.058462,0.232484 0.014331,2.723684 1.018182,21,21,8080,-1,-1,-1,0,-1,0,5.069746017456055,11.975943565368652,0.4233274806100837,1,0.694140625,0 0 0,5.251 4.960 5.208,0,1.0,0.25,287,287,1,measured,525,1,239,1,0,1.3359004259109497,1.3378164768218994,0.9985677774611497,284 286,0.095124 0.069483,0.230769 0.004808,1.922330 0.925557,284,284,8080,-1,-1,-1,0,-1,0,5.027685642242432,11.708903312683105,0.4293899700065363,1,0.68796875,0 0 0,4.993 5.115 5.481,0,23,286,-1,5.91478967666626,8.800803184509277,0.6720738497001238,0.33206066945606694,1
2548,8,7063,Program,0,1.0,0.25,23,24,1,measured,262,1,239,1,32,101.52454376220703,101.56893920898438,0.9995629033135219,21 26,0.094745 0.059486,0.230892 0.038217,0.766917 1.206573,21,21,8080,-1,-1,23,1,24,0,8.221816062927246,12.44415283203125,0.6606971301223729,1,0.700546875,0 0 0,7.283 9.458 10.614,0,1.0,0.25,287,287,1,measured,525,1,239,1,0,1.6131516695022583,1.6139240264892578,0.9995214415459942,284 286,0.094518 0.067220,0.232484 0.007962,2.053191 0.908486,284,284,8080,-1,-1,-1,0,-1,0,8.381113052368164,11.997621536254883,0.6985645469013828,1,0.674140625,0 0 0,7.581 9.568 10.559,0,23,286,-1,4.614876747131348,6.006771087646484,0.7682791103230645,0.39006276150627617,1
2549,9,7064,Program,0,1.0,0.25,25,25,1,measured,262,1,238,1,32,101.55782318115234,101.60839080810547,0.9995023282373537,21 24,0.094437 0.061813,0.238782 0.014423,0.936000 0.834854,21,21,8080,-1,-1,-1,0,-1,0,5.088242053985596,11.65574836730957,0.43654357434966534,1,0.69546875,0 0 0,5.226 4.981 5.258,0,1.0,0.25,287,287,1,measured,525,1,239,1,25,1.202919363975525,1.2029967308044434,0.9999356882467447,284 286,0.094063 0.061761,0.229299 0.023885,0.812500 0.819189,284,284,8080,-1,-1,-1,0,-1,0,4.894443511962891,11.535367965698242,0.42429886298530634,1,0.699609375,0 0 0,4.898 4.916 5.311,0,23,286,-1,5.822646141052246,8.510187149047852,0.6841971908577479,0.33023012552301256,1
2550,10,7065,Program,0,1.0,0.25,25,25,1,measured,262,1,238,1,32,99.86356353759766,99.9123764038086,0.9995114432468941,21 24,0.094177 0.066765,0.229299 0.023885,0.899225 0.972525,21,21,8080,-1,-1,-1,0,-1,0,5.047236442565918,11.833343505859375,0.42652665665175177,1,0.700546875,0 0 0,5.041 5.088 5.118,0,1.0,0.25,287,287,1,measured,525,1,239,1,0,1.3726303577423096,1.3744066953659058,0.9987075604116413,284 286,0.092450 0.071429,0.227848 0.004747,0.904762 1.033248,284,284,8080,-1,-1,-1,0,-1,0,8.670449256896973,12.684865951538086,0.6835270699763011,1,0.685625,0 0 0,7.099 10.304 11.361,0,23,286,-1,5.762676239013672,7.999520301818848,0.7203777253622838,0.36694560669456067,1
2551,11,7066,Program,0,1.0,0.25,25,25,1,measured,262,1,238,1,32,98.63082122802734,98.67877960205078,0.9995139950634083,21 24,0.092767 0.061545,0.231132 0.012579,2.395062 0.829283,21,21,8080,-1,-1,-1,0,-1,0,8.979697227478027,12.85669231414795,0.6984453705558822,1,0.666875,0 0 0,7.642 10.428 11.605,0,1.0,0.25,287,287,1,measured,525,1,239,1,-22,1.3197627067565918,1.320507526397705,0.9994359595638617,284 286,0.092318 0.056491,0.231132 0.011006,0.727273 0.987930,284,284,8080,-1,-1,-1,0,-1,0,4.964745998382568,11.461320877075195,0.43317398157074527,1,0.699296875,0 0 0,5.079 4.907 5.384,0,23,286,-1,5.403786659240723,7.427536487579346,0.7275341788326686,0.34168410041841,1
2552,12,7067,Program,0,1.0,0.25,23,24,1,measured,262,1,239,1,32,99.13352966308594,99.18148040771484,0.9995165353004232,21 26,0.092430 0.062107,0.124214 0.012579,0.258278 1.141068,21,21,8080,-1,-1,23,1,24,0,4.99655294418335,11.49960708618164,0.4344977099424027,1,0.69984375,0 0 0,5.102 4.823 5.258,0,1.0,0.25,288,288,1,measured,525,1,238,1,-30,1.2920812368392944,1.2926324605941772,0.9995735649755929,284 287,0.093039 0.059372,0.203822 0.009554,0.546341 1.147770,284,284,8080,-1,-1,-1,0,-1,0,4.9501953125,11.423948287963867,0.4333173774705778,1,0.70109375,0 0 0,5.060 4.953 5.307,0,23,286,-1,5.649170875549316,8.343379020690918,0.6770842918126841,0.33038702928870295,1
2553,13,7068,Program,0,1.0,0.25,25,25,1,measured,262,1,238,1,32,98.43011474609375,98.47923278808594,0.9995012345181661,21 24,0.093241 0.057979,0.231013 0.006329,0.873016 1.085760,21,21,8080,-1,-1,-1,0,-1,0,8.067363739013672,12.70513916015625,0.6349685459812356,1,0.676171875,0 0 0,6.759 9.548 9.741,0,1.0,0.25,287,287,1,measured,525,1,239,1,-31,1.239202618598938,1.2402245998382568,0.9991759708366919,284 286,0.093241 0.057301,0.229430 0.017405,0.902256 1.079108,284,284,8080,-1,-1,-1,0,-1,0,7.864882946014404,12.300235748291016,0.6394091224720749,1,0.69390625,0 0 0,6.380 9.576 9.592,0,23,286,-1,4.668008804321289,6.471667289733887,0.7212992564877723,0.3897489539748954,1
2554,14,7069,Program,0,1.0,0.25,23,24,1,measured,262,1,239,1,32,96.49646759033203,96.5473403930664,0.9994730791907135,21 26,0.092767 0.050651,0.231132 0.023585,1.911765 0.996313,21,21,8080,-1,-1,23,1,24,0,5.138281345367432,11.5305814743042,0.4456220492277902,1,0.687890625,0 0 0,5.217 5.096 5.238,0,1.0,0.25,287,287,1,measured,525,1,239,1,-26,1.2156095504760742,1.215759038925171,0.9998770410547564,284 286,0.093693 0.064308,0.229430 0.012658,2.202128 0.706352,284,284,8080,-1,-1,-1,0,-1,0,5.178242206573486,11.327692985534668,0.4571312281491069,1,0.731171875,0 0 0,5.209 5.210 5.480,0,23,286,-1,5.258636951446533,7.733556270599365,0.6799765550860831,0.3860355648535565,1
2555,15,7070,Program,0,1.0,0.25,23,24,1,measured,262,1,239,1,32,96.92304229736328,96.95992279052734,0.9996196315745451,21 27,0.092992 0.055031,0.227987 0.000000,2.000000 0.936645,21,21,8080,-1,-1,23,1,24,0,4.912060737609863,11.57736873626709,0.42428127232593155,1,0.7121875,0 0 0,5.011 4.876 5.048,0,1.0,0.25,288,288,1,measured,525,1,238,1,-16,1.2791733741760254,1.2799352407455444,0.9994047616275685,284 287,0.093693 0.053910,0.232595 0.004747,2.986486 1.071429,284,284,8080,-1,-1,-1,0,-1,0,8.3618745803833,12.745685577392578,0.6560553004080864,1,0.66203125,0 0 0,6.711 9.925 10.040,0,23,286,-1,5.663297653198242,7.94133186340332,0.7131420460208788,0.3745292887029289,1
2556,16,7071,Program,0,1.0,0.25,26,26,1,measured,262,1,237,1,32,97.52495574951172,97.57454681396484,0.9994917622876828,21 25,0.092430 0.059636,0.231132 0.026730,1.884615 0.806223,21,21,8080,-1,-1,-1,0,-1,0,8.42928695678711,12.946688652038574,0.6510766716754126,1,0.690703125,0 0 0,6.912 9.987 9.974,0,1.0,0.25,289,289,1,measured,525,1,237,1,-32,1.440307855606079,1.441652774810791,0.999067099076691,284 288,0.093241 0.051424,0.231013 0.007911,2.442105 1.053042,284,284,8080,-1,-1,-1,0,-1,0,4.876103401184082,11.40237808227539,0.42763916141000613,1,0.699921875,0 0 0,4.864 4.936 5.215,0,23,286,-1,5.302748203277588,7.394312858581543,0.7171387395548771,0.3680439330543933,1
2557,17,7072,Program,0,1.0,0.25,23,24,1,measured,262,1,239,1,32,96.5307846069336,96.57101440429688,0.9995834174714696,21 26,0.093241 0.050972,0.229430 0.031646,0.929688 1.041978,21,21,8080,-1,-1,23,1,24,0,4.787919998168945,11.511134147644043,0.4159381635865027,1,0.70828125,0 0 0,4.930 4.702 4.915,0,1.0,0.25,288,288,1,measured,525,1,238,1,-30,1.1770315170288086,1.1777408123016357,0.9993977492624706,284 287,0.093949 0.058803,0.227707 0.000000,1.910891 1.246622,284,284,8080,-1,-1,-1,0,-1,0,8.6347074508667,12.682360649108887,0.6808438657256927,1,0.68,0 0 0,7.879 9.501 12.962,0,23,286,-1,5.352234363555908,7.382260322570801,0.7250129539853513,0.37332635983263596,1
2558,18,7073,Program,0,1.0,0.25,25,25,1,measured,262,1,238,1,32,101.6734619140625,101.71595001220703,0.9995822867687966,21 24,0.092902 0.051198,0.231013 0.011076,1.831579 1.184776,21,21,8080,-1,-1,-1,0,-1,0,8.531747817993164,12.866568565368652,0.6630942643835134,1,0.676875,0 0 0,7.746 9.509 13.068,0,1.0,0.25,287,287,1,measured,525,1,239,1,-32,1.139559030532837,1.142234206199646,0.9976579447084589,284 286,0.094551 0.054373,0.230769 0.004808,0.851562 0.949027,284,284,8080,-1,-1,-1,0,-1,0,4.904609203338623,11.493966102600098,0.4267116467508227,1,0.70140625,0 0 0,5.133 4.659 5.457,0,23,286,-1,5.093769073486328,6.993732929229736,0.7283333700372423,0.34163179916317993,1
2559,19,7074,Program,0,1.0,0.25,25,25,1,measured,262,1,238,1,32,101.41014862060547,101.45410919189453,0.9995666950147292,21 24,0.093835 0.055619,0.229299 0.012739,2.215909 0.887260,21,21,8080,-1,-1,-1,0,-1,0,4.95168924331665,11.769290924072266,0.4207296153406095,1,0.698515625,0 0 0,5.043 4.913 4.877,0,1.0,0.25,287,287,1,measured,525,1,239,1,-23,1.3182376623153687,1.3183306455612183,0.9999294689491117,284 286,0.093949 0.055391,0.235669 0.007962,2.449438 0.717414,284,284,8080,-1,-1,-1,0,-1,0,4.965439319610596,11.591283798217773,0.42837699482209735,1,0.69421875,0 0 0,5.160 4.858 5.224,0,23,286,-1,5.465120315551758,8.183347702026367,0.6678343038263522,0.3440376569037657,1
2560,20,7075,Program,0,1.0,0.25,25,25,1,measured,262,1,238,1,32,100.61418151855469,100.64971160888672,0.9996469926265651,21 24,0.093153 0.075637,0.232484 0.006369,0.909091 0.819777,21,21,8080,-1,-1,-1,0,-1,0,8.102187156677246,12.19262981414795,0.6645151439991822,1,0.68421875,0 0 0,7.096 9.451 10.199,0,1.0,0.25,289,289,1,measured,525,1,237,1,-16,0.9647487998008728,0.9650646448135376,0.999672721392953,284 288,0.092902 0.058431,0.224684 0.009494,0.837037 1.293651,284,284,8080,-1,-1,-1,0,-1,0,8.274160385131836,11.744624137878418,0.7045061883629171,1,0.68015625,0 0 0,7.569 9.308 10.358,0,23,286,-1,4.594671726226807,5.987588882446289,0.767365932503637,0.4025627615062761,1
2561,21,7076,Program,0,1.0,0.25,24,24,1,measured,262,1,239,1,-32,39.2225456237793,39.30149459838867,0.9979911966347302,21 23,0.094259 0.054589,0.227848 0.009494,0.802817 1.186506,21,21,8080,-1,-1,-1,0,-1,-1,5.019644260406494,11.498212814331055,0.4365586497190371,1,0.6912735849056604,-1 -1 -1,5.247 4.858 4.972,0,1.0,0.25,287,287,1,measured,525,1,239,1,-14,1.110864281654358,1.111852765083313,0.9991109583390918,284 286,0.093835 0.061761,0.234076 0.006369,1.784314 1.039461,284,284,8080,-1,-1,-1,0,-1,0,4.940195083618164,11.514946937561035,0.42902456350046714,1,0.69671875,0 0 0,5.072 4.823 5.314,0,23,286,0,3.679845094680786,3.7603118419647217,0.9786010440980095,0.30873430962343096,1
2562,22,7077,Program,0,1.0,0.25,25,25,1,measured,262,1,238,1,-32,46.93510818481445,47.01204299926758,0.998363508379027,21 24,0.094063 0.061874,0.232484 0.009554,0.632653 0.870603,21,21,8080,-1,-1,-1,0,-1,0,4.818339824676514,11.568926811218262,0.41648978365082423,1,0.703359375,0 0 0,4.937 4.709 4.933,0,1.0,0.25,287,287,1,measured,525,1,239,1,-8,1.2589999437332153,1.2597687244415283,0.9993897445670801,284 286,0.093580 0.057527,0.229430 0.007911,0.779310 0.749680,284,284,8080,-1,-1,-1,0,-1,0,8.595624923706055,12.583599090576172,0.6830815938933797,1,0.680703125,0 0 0,7.165 10.102 11.229,0,23,286,0,5.320935249328613,7.802624225616455,0.6819417538857867,0.3813284518828452,1
2563,23,7078,Program,0,1.0,0.25,25,25,1,measured,262,1,238,1,-32,42.34796142578125,42.42753219604492,0.9981245487035164,21 24,0.093217 0.054470,0.224843 0.022013,0.776923 1.030610,21,21,8080,-1,-1,-1,0,-1,0,8.754599571228027,12.622749328613281,0.6935572705530227,1,0.674375,0 0 0,7.375 10.220 11.676,0,1.0,0.25,287,287,1,measured,525,1,239,1,-14,1.156502366065979,1.1566022634506226,0.9999136285758723,284 286,0.093354 0.064195,0.229430 0.007911,1.909910 0.777502,284,284,8080,-1,-1,-1,0,-1,0,4.948554515838623,11.381072998046875,0.434805621287892,1,0.70234375,0 0 0,5.193 4.778 5.119,0,23,286,0,4.761902809143066,6.718042373657227,0.7088229791189513,0.3449267782426778,1
2564,24,7079,Program,0,1.0,0.25,24,24,1,measured,262,1,239,1,-32,45.330284118652344,45.403446197509766,0.9983886227812057,21 23,0.093949 0.055732,0.001592 0.014331,0.748092 1.230017,21,21,0704,-1,-1,-1,0,-1,0,5.057002067565918,11.4014253616333,0.4435412158714059,1,0.695703125,0 0 0,5.208 4.889 5.267,0,1.0,0.25,287,287,1,measured,525,1,239,1,-12,1.2363123893737793,1.2373392581939697,0.9991700992162091,284 286,0.093835 0.060510,0.230892 0.033439,1.893617 0.829913,284,284,8080,-1,-1,-1,0,-1,0,5.029961109161377,11.336743354797363,0.4436865995588452,1,0.68515625,0 0 0,5.235 4.882 5.159,0,23,286,0,5.257492542266846,8.069564819335938,0.6515211984751733,0.33070083682008367,1
2565,25,7080,Program,0,1.0,0.25,24,24,1,measured,262,1,239,1,-32,43.975250244140625,44.04484939575195,0.9984198117926124,21 23,0.094033 0.050407,0.000000 0.006329,2.432692 1.113579,21,21,e580,-1,-1,-1,0,-1,0,7.921083927154541,12.473211288452148,0.6350476829080878,1,0.687890625,0 0 0,6.584 9.407 9.770,0,1.0,0.25,287,287,1,measured,525,1,239,1,-9,1.4537259340286255,1.4540529251098633,0.9997751174832834,284 286,0.093835 0.067448,0.234076 0.003185,0.717391 0.773077,284,284,8080,-1,-1,-1,0,-1,0,7.754902362823486,12.310741424560547,0.6299297577115922,1,0.69640625,0 0 0,6.358 9.288 9.554,0,23,286,0,4.36023473739624,6.083795547485352,0.7166964608464661,0.40115062761506276,1
2566,26,7081,Program,0,1.0,0.25,24,24,1,measured,262,1,239,1,-32,42.8596076965332,42.92940139770508,0.9983742214216943,21 23,0.092093 0.056828,0.001572 0.006289,1.416667 1.377413,21,21,8f01,-1,-1,-1,0,-1,0,5.125722885131836,11.54032039642334,0.4441577624413649,1,0.68375,0 0 0,5.150 5.135 5.163,0,1.0,0.25,287,287,1,measured,525,1,239,1,7,1.390175700187683,1.3905999660491943,0.9996949044499717,284 286,0.094290 0.054026,0.230892 0.012739,1.813084 1.203265,284,284,8080,-1,-1,-1,0,-1,0,5.129795074462891,11.25185775756836,0.4559064987301698,1,0.738359375,0 0 0,5.144 5.177 5.327,0,23,286,0,4.860589981079102,7.557962894439697,0.6431084736675513,0.3228033472803347,1
2567,27,7082,Program,0,1.0,0.25,25,25,1,measured,262,1,238,1,-32,44.64226150512695,44.716983795166016,0.9983289953011737,21 24,0.092902 0.059222,0.231013 0.037975,2.326087 1.265000,21,21,8080,-1,-1,-1,0,-1,0,5.037177562713623,11.712313652038574,0.43007536447223493,1,0.68796875,0 0 0,5.095 4.996 5.101,0,1.0,0.25,288,288,1,measured,525,1,238,1,11,1.4855304956436157,1.4871175289154053,0.9989328124772041,284 287,0.094895 0.054144,0.233974 0.020833,1.936842 0.758457,284,284,8080,-1,-1,-1,0,-1,0,11.881543159484863,14.724017143249512,0.8069498319575218,1,0.667109375,0 0 0,8.701 15.397 13.888,0,23,286,0,4.980179786682129,6.553844451904297,0.7598867845017406,0.3785041841004184,1
2568,28,7083,Program,0,1.0,0.25,24,24,1,measured,262,1,239,1,-32,32.21485137939453,32.27242660522461,0.9982159622970292,21 23,0.094551 0.053457,0.233974 0.008013,0.924242 1.621024,21,21,8080,-1,-1,-1,0,-1,3,47.935768127441406,48.08446502685547,0.9969075896065182,1,0.7064490445859872,3 3 -2,42.656 53.403 45.194,0,1.0,0.25,286,286,1,measured,525,1,240,1,-7,1.4696485996246338,1.470693826675415,0.9992892966354907,284,0.094931,0.235484,0.744361,284,284,8080,-1,-1,-1,0,-1,3,48.359981536865234,48.50584411621094,0.9969928864860852,1,0.7222929936305732,3 3 -3,42.559 53.554 44.545,0,23,286,0,4.971795082092285,6.409707069396973,0.7756665052339176,0.5324267782426778,1
2569,29,7084,Program,0,1.0,0.25,25,25,1,measured,262,1,238,1,-32,31.047212600708008,31.11150360107422,0.9979335296297286,21 24,0.095276 0.050000,0.235484 0.001613,1.923913 0.770906,21,21,8080,-1,-1,-1,0,-1,0,5.014277458190918,7.701749324798584,0.6510569543007103,1,0.68578125,0 0 0,5.130 4.823 5.244,0,1.0,0.25,288,288,1,measured,525,1,238,1,9,1.3225160837173462,1.3229999542236328,0.9996342626432133,284 287,0.093949 0.055732,0.232484 0.019108,0.758865 0.886756,284,284,8080,-1,-1,-1,0,-1,0,4.962021350860596,7.780247688293457,0.6377716429679606,1,0.692265625,0 0 0,5.072 4.804 5.509,0,23,286,0,3.955421209335327,5.531025409698486,0.7151334366317709,0.3281380753138075,1
2570,30,7085,Program,0,1.0,0.25,25,25,1,measured,262,1,238,1,-32,30.780574798583984,30.84406089782715,0.9979417074991044,21 24,0.094404 0.052775,0.001592 0.017516,2.976471 0.779378,21,21,8501,-1,-1,-1,0,-1,0,4.890293121337891,7.761861324310303,0.6300412899701514,1,0.7025,0 0 0,4.973 4.756 4.924,0,1.0,0.25,288,288,1,measured,525,1,238,1,-1,1.461234211921692,1.4620252847671509,0.9994589198602095,284 287,0.095046 0.056567,0.240323 0.006452,0.839416 0.802456,284,284,8080,-1,-1,-1,0,-1,0,4.975449085235596,7.748103618621826,0.6421505609808289,1,0.70484375,0 0 0,5.014 4.921 5.613,0,23,286,0,4.121721267700195,5.7961883544921875,0.7111089246272959,0.3409518828451883,1
2571,31,7086,Program,0,1.0,0.25,23,23,1,measured,262,1,240,1,-32,29.297420501708984,29.3652400970459,0.9976904804758011,21,0.093864,0.232372,2.043860,21,21,d0c2,-1,-1,-1,0,-1,0,4.932490348815918,7.803223133087158,0.6321093559277083,1,0.700390625,0 0 0,5.067 4.757 5.051,0,1.0,0.25,288,288,1,measured,525,1,238,1,10,1.54353928565979,1.5442122220993042,0.9995642202348332,284 287,0.094551 0.065018,0.232372 0.008013,2.219780 0.572895,284,284,8080,-1,-1,-1,0,-1,0,5.002978324890137,7.74334716796875,0.6461002220829688,1,0.690625,0 0 0,5.137 4.847 5.429,0,23,286,0,4.048340797424316,5.709897518157959,0.7090041081385873,0.3506799163179916,1
2572,32,7087,Program,0,1.0,0.25,23,23,1,measured,262,1,240,1,-32,28.416805267333984,28.49563980102539,0.997233452758321,21,0.093380,0.001592,2.250000,21,21,d320,-1,-1,-1,0,-1,0,5.03957986831665,7.8577046394348145,0.6413552175306929,1,0.70203125,0 0 0,5.103 4.908 5.180,0,1.0,0.25,288,288,1,measured,525,1,238,1,-18,1.4323170185089111,1.4328175783157349,0.9996506465202555,284 287,0.093835 0.060623,0.235669 0.006369,2.209302 0.918970,284,284,8080,-1,-1,-1,0,-1,0,4.778544902801514,7.721717834472656,0.618844796616148,1,0.71125,0 0 0,4.888 4.666 5.248,0,23,286,0,3.878824472427368,5.434458255767822,0.7137462999758267,0.3444560669456067,1
2573,33,7088,Program,0,1.0,0.25,23,23,1,measured,262,1,240,1,-32,20.933860778808594,21.01619529724121,0.9960823299713328,21,0.094063,0.004777,1.060345,21,21,8fe6,-1,-1,-1,0,-1,0,4.948388576507568,7.9050116539001465,0.6259811867660119,1,0.706484375,0 0 0,5.021 4.752 5.310,0,1.0,0.25,288,288,1,measured,525,1,238,1,-1,1.4123812913894653,1.4130349159240723,0.9995374321418098,284 287,0.093835 0.053799,0.232484 0.000000,1.690909 0.549501,284,284,8080,-1,-1,-1,0,-1,0,4.919130802154541,7.635819435119629,0.6442178005846826,1,0.710390625,0 0 0,5.053 4.740 5.550,0,23,286,0,4.0294389724731445,5.7547383308410645,0.7001949942499358,0.3402196652719665,1
2574,34,7089,Program,0,1.0,0.25,23,24,1,measured,262,1,239,1,32,94.09088897705078,94.1686019897461,0.9991747460294274,21,0.094322,0.233974,2.172414,21,21,8080,-1,-1,23,1,24,1,4.962784767150879,7.658222675323486,0.6480334899561078,1,0.7081761006289308,1 1 1,4.942 4.939 5.217,0,1.0,0.25,288,288,1,measured,525,1,238,1,18,1.3542683124542236,1.3545048236846924,0.9998253891559977,284 287,0.094322 0.063645,0.233974 0.008013,1.836538 0.821596,284,284,8080,-1,-1,-1,0,-1,0,4.827490329742432,7.747867584228516,0.62307341694497,1,0.703046875,0 0 0,4.938 4.648 5.422,0,23,286,-1,3.5281577110290527,3.6330440044403076,0.9711299138455073,0.35094142259414224,1
2575,35,7090,Program,0,1.0,0.25,23,24,1,measured,262,1,239,1,32,93.79222106933594,93.87396240234375,0.9991292438188827,21 26,0.094404 0.058462,0.234076 0.000000,0.852713 0.778119,21,21,8080,-1,-1,23,1,24,0,4.94680643081665,7.952132701873779,0.6220729226074186,1,0.70765625,0 0 0,5.060 4.815 5.032,0,1.0,0.25,288,288,1,measured,525,1,238,1,-11,1.364951729774475,1.3653382062911987,0.9997169371552463,284 287,0.093835 0.055846,0.229299 0.009554,0.812500 0.685458,284,284,8080,-1,-1,-1,0,-1,0,4.955878734588623,7.765713214874268,0.6381743179874642,1,0.70390625,0 0 0,4.978 4.784 5.500,0,23,286,-1,4.748368263244629,6.238358974456787,0.7611566251135939,0.34058577405857743,1
2576,36,7091,Program,0,1.0,0.25,24,25,1,measured,262,1,238,1,0,87.18997192382812,87.28975677490234,0.9988568549763343,21 23,0.093722 0.104299,0.229299 0.117834,2.197802 2.337449,21 23,21 23,8080 8080,23,25,24,1,25,1,4.879707336425781,7.898476600646973,0.6178036073470268,1,0.7022012578616352,1 1 1,4.973 4.704 5.120,0,1.0,0.25,288,288,1,measured,525,1,238,1,-9,1.4823718070983887,1.482744812965393,0.9997484355610333,284 287,0.093949 0.054595,0.232484 0.007962,1.929293 0.727965,284,284,8080,-1,-1,-1,0,-1,0,4.837411880493164,7.720931529998779,0.6265321563464155,1,0.708125,0 0 0,4.875 4.721 5.422,0,23,286,-2,3.540318489074707,3.625492572784424,0.9765068933393781,0.35073221757322176,1
2577,37,7092,Program,0,1.0,0.25,23,24,1,measured,262,1,239,1,32,91.4748306274414,91.5591812133789,0.9990787315393208,21,0.093750,0.237179,0.731884,21,21,8080,-1,-1,23,1,24,-1,4.993612289428711,7.853574275970459,0.6358394425207947,1,0.7001572327044026,-1 -1 -1,4.968 4.949 5.081,0,1.0,0.25,288,288,1,measured,525,1,238,1,-28,1.1530991792678833,1.1541804075241089,0.9990632068876086,284 287,0.094780 0.058379,0.235577 0.009615,0.733333 0.765217,284,284,8080,-1,-1,-1,0,-1,0,4.863789081573486,7.790782451629639,0.6243004617021621,1,0.7034375,0 0 0,4.970 4.698 5.425,0,23,286,-2,3.5062808990478516,3.5063722133636475,0.9999739576091072,0.3492154811715481,1
2578,38,7093,Program,0,1.0,0.25,26,26,1,measured,262,1,237,1,32,91.46235656738281,91.5465087890625,0.9990807708257495,21 25,0.094290 0.056984,0.232484 0.007962,2.094737 0.911111,21,21,8080,-1,-1,-1,0,-1,0,6.267324447631836,6.460446357727051,0.970107032950714,1,0.702265625,0 -1 0,6.229 6.328 5.278,0,1.0,0.25,286,287,1,measured,525,1,239,1,32,93.47587585449219,93.55564880371094,0.9991473208701046,284 289,0.093467 0.055832,0.231013 0.007911,0.865079 0.632038,284,284,8080,-1,-1,286,1,287,1,5.6598663330078125,7.396440029144287,0.7652149291694611,1,0.7136006289308177,1 1 1,5.701 5.692 5.379,0,23,286,0,3.3800954818725586,4.211870193481445,0.8025165369777555,0.3740062761506276,1
2579,39,7094,Program,0,1.0,0.25,26,26,1,measured,262,1,237,1,-32,58.599002838134766,58.617523193359375,0.9996840474619932,21 25,0.094666 0.066735,0.232372 0.011218,1.951923 0.808623,21,21,8080,-1,-1,-1,0,-1,0,5.58840799331665,6.942059516906738,0.8050072143153777,1,0.725078125,0 0 0,5.835 5.350 5.821,0,1.0,0.25,286,286,1,measured,525,1,240,1,-32,3.280574083328247,3.3930647373199463,0.9668468883736797,284 289,0.093608 0.051069,0.235669 0.009554,0.837209 1.037463,284,284,8080,-1,-1,-1,0,-1,-1,4.864720821380615,7.861513614654541,0.6188020602435077,1,0.6977201257861635,-1 -1 -1,4.922 4.794 4.892,0,23,286,0,3.4777450561523438,3.7536091804504395,0.9265069667521989,0.3786610878661088,1
2580,40,7095,Program,0,1.0,0.25,26,26,1,measured,262,1,237,1,-32,55.962562561035156,55.977783203125,0.9997280949473363,21 25,0.094322 0.064675,0.235577 0.004808,0.932773 0.464798,21,21,8080,-1,-1,-1,0,-1,0,5.267324447631836,7.39284610748291,0.7124893946189874,1,0.694453125,0 0 0,4.947 5.602 5.421,0,1.0,0.25,289,289,1,measured,525,1,237,1,-32,55.997920989990234,56.01370620727539,0.9997181900939255,284 288,0.095582 0.063301,0.003205 0.006410,0.809524 0.470833,284,284,57ce,-1,-1,-1,0,-1,1,6.033991813659668,6.745732307434082,0.8944902552699807,1,0.7158018867924528,1 1 1,6.116 6.067 5.723,0,23,286,0,2.1892313957214355,2.626932144165039,0.8333794995748833,0.4134937238493724,1
2581,41,7096,Program,0,1.0,0.25,26,26,1,measured,262,1,237,1,-32,55.98835372924805,56.00124740600586,0.9997697609007825,21 25,0.094437 0.063988,0.233974 0.004808,2.032967 0.465847,21,21,8080,-1,-1,-1,0,-1,0,0.37895506620407104,7.631711959838867,0.04965531563537576,1,0.975234375,0 0 0,0.334 0.414 0.400,0,1.0,0.25,289,289,1,measured,525,1,237,1,-32,2.9997920989990234,3.1146178245544434,0.9631332856794891,284 288,0.093380 0.053458,0.235669 0.006369,0.843750 0.705931,284,284,8080,-1,-1,-1,0,-1,-1,6.160111904144287,6.336904525756836,0.9721011069530934,1,0.7101415094339623,-1 -1 0,6.503 5.909 5.891,0,23,286,0,2.510190010070801,4.168981552124023,0.6021110860497578,0.12735355648535565,1
2582,42,7097,Program,0,1.0,0.25,26,26,1,measured,262,1,237,1,-32,57.85544967651367,57.859840393066406,0.9999241146100144,21 25,0.094322 0.054258,0.235577 0.008013,2.641975 0.673148,21,21,8080,-1,-1,-1,0,-1,0,4.786416053771973,7.4446539878845215,0.6429333131615542,1,0.714921875,0 0 0,4.815 4.745 5.340,0,1.0,0.25,286,286,1,measured,525,1,240,1,-32,1.7025790214538574,1.815199375152588,0.9379570336788687,284,0.094518,0.003185,0.950311,284,284,4554,-1,-1,-1,0,-1,0,4.838310718536377,7.449027061462402,0.6495225052366119,1,0.720625,0 0 0,4.993 4.644 4.893,0,23,286,0,4.000816345214844,5.45606803894043,0.7332783089691461,0.36030334728033475,1
2583,43,7098,Program,0,1.0,0.25,26,26,1,measured,262,1,237,1,-32,56.66493225097656,56.68625259399414,0.9996238886495059,21 25,0.094177 0.053913,0.232484 0.009554,2.113636 0.716578,21,21,8080,-1,-1,-1,0,-1,0,4.759775161743164,7.627368450164795,0.624038971349329,1,0.710546875,0 0 0,4.877 4.602 5.251,0,1.0,0.25,286,286,1,measured,525,1,240,1,-32,4.425124645233154,4.535922050476074,0.975573344512988,284,0.093835,0.001592,0.813333,284,284,8f2c,-1,-1,-1,0,-1,0,5.015644550323486,7.648368835449219,0.6557796385389536,1,0.712890625,0 0 0,4.907 5.185 4.739,0,23,286,0,3.983978033065796,5.606851577758789,0.7105552871899455,0.34989539748953974,1
2584,44,7099,Program,0,1.0,0.25,26,26,1,measured,262,1,237,1,-32,59.50998306274414,59.52325439453125,0.999777039546609,21 25,0.094093 0.059638,0.232372 0.012821,1.989474 0.959662,21,21,8080,-1,-1,-1,0,-1,0,4.89163064956665,7.617000579833984,0.6421990648808991,1,0.714609375,0 0 0,4.737 5.081 5.098,0,1.0,0.25,289,289,1,measured,525,1,237,1,-32,6.323627471923828,6.440406799316406,0.9818677094426748,284 288,0.094404 0.051638,0.232484 0.006369,2.157303 0.593802,284,284,8080,-1,-1,-1,0,-1,0,4.765058517456055,7.68118143081665,0.6203548972738484,1,0.713828125,0 0 0,4.856 4.620 4.851,0,23,286,0,4.011162281036377,5.54418420791626,0.72349008088675,0.35873430962343095,1
2585,45,7100,Program,0,1.0,0.25,26,26,1,measured,262,1,237,1,-32,61.64330291748047,61.65925979614258,0.9997412087216929,21 25,0.094290 0.054709,0.232484 0.009554,0.858268 0.737288,21,21,8080,-1,-1,-1,0,-1,0,4.706728458404541,7.529540061950684,0.6251017219749231,1,0.719765625,0 0 0,4.713 4.696 5.212,0,1.0,0.25,286,286,1,measured,525,1,240,1,-32,5.848169803619385,5.9634552001953125,0.9806680200142777,284,0.093722,0.232484,1.989691,284,284,8080,-1,-1,-1,0,-1,0,4.714189529418945,7.682163715362549,0.6136538746228042,1,0.707109375,0 0 0,4.806 4.631 4.822,0,23,286,0,4.053163051605225,5.632068157196045,0.7196580258757226,0.35010460251046027,1
2586,46,7101,Program,0,1.0,0.25,23,23,1,measured,262,1,240,1,-30,57.58478546142578,57.58534240722656,0.9999903283409024,21,0.093494,0.230892,1.750000,21,21,8080,-1,-1,-1,0,-1,0,4.837275505065918,7.634679794311523,0.6335924538276109,1,0.716640625,0 0 0,4.713 4.950 5.280,0,1.0,0.25,286,286,1,measured,525,1,240,1,-32,5.5769548416137695,5.6740031242370605,0.9828959765269181,284,0.093835,0.234076,1.961905,284,284,8080,-1,-1,-1,0,-1,0,4.927695274353027,7.8122639656066895,0.6307640520145109,1,0.708046875,0 0 0,4.867 5.013 4.854,0,23,286,0,4.167191505432129,5.737870216369629,0.7262610251349891,0.36134937238493725,1
2587,47,7102,Program,0,1.0,0.25,26,26,1,measured,262,1,237,1,-32,61.230655670166016,61.24397659301758,0.9997824941554647,21 25,0.094177 0.052093,0.229299 0.004777,2.380435 0.701493,21,21,8080,-1,-1,-1,0,-1,0,4.684218883514404,7.582350730895996,0.6177792415256523,1,0.725234375,0 0 0,4.677 4.629 5.377,0,1.0,0.25,286,286,1,measured,525,1,240,1,-32,6.743968486785889,6.857558250427246,0.9834358295630546,284 295,0.093722 0.050728,0.234076 0.001592,2.096774 1.046723,284,284,8080,-1,-1,-1,0,-1,0,4.848535060882568,7.767423152923584,0.6242141010506974,1,0.70171875,0 0 0,4.961 4.671 5.046,0,23,286,0,4.097971439361572,5.664663314819336,0.7234271856265246,0.3616108786610879,1
2588,48,7103,Program,0,1.0,0.25,26,26,1,measured,262,1,237,1,-32,62.58049011230469,62.59281539916992,0.9998030878338571,21 25,0.092902 0.058431,0.234177 0.007911,2.419753 0.800000,21,21,8080,-1,-1,-1,0,-1,0,4.84402322769165,7.713404178619385,0.6280007005361772,1,0.704140625,0 0 0,4.903 4.754 5.448,0,1.0,0.25,286,286,1,measured,525,1,240,1,-32,7.032445907592773,7.1403656005859375,0.9848859709670457,284,0.093949,0.234076,2.043478,284,284,8080,-1,-1,-1,0,-1,0,10.624189376831055,10.636202812194824,0.998870514639868,1,0.6575,0 -1 0,8.389 13.092 8.257,0,23,286,0,4.096836566925049,5.368261814117432,0.7631588601269792,0.3542364016736402,1
2589,49,7104,Program,0,1.0,0.25,23,23,1,measured,262,1,240,1,-32,62.53514862060547,62.538204193115234,0.9999511407059223,21 30,0.094666 0.054029,0.235577 0.001603,2.021277 1.673729,21,21,8080,-1,-1,-1,0,-1,0,10.725507736206055,10.795135498046875,0.9935500798620436,1,0.6640625,0 -1 0,8.696 12.759 8.441,0,1.0,0.25,286,286,1,measured,525,1,240,1,-32,6.854201316833496,6.9570183753967285,0.9852211029186236,284 292,0.094404 0.053685,0.229299 0.022293,0.930233 2.057104,284,284,8080,-1,-1,-1,0,-1,0,4.897119045257568,7.537038326263428,0.6497404992877847,1,0.69625,0 0 0,4.990 4.809 4.973,0,23,286,0,4.029860973358154,4.97896146774292,0.8093778189420262,0.3412133891213389,1
2590,50,7105,Program,0,1.0,0.25,25,25,1,measured,262,1,238,1,-5,1.1896895170211792,1.1901828050613403,0.9995855359041793,21 24,0.094666 0.054831,0.233974 0.003205,1.847619 0.848546,21,21,8080,-1,-1,-1,0,-1,-1,4.795528888702393,7.600454807281494,0.6309528850968382,1,0.7069182389937106,-1 -1 -1,4.822 4.726 5.482,0,1.0,0.25,286,286,1,measured,525,1,240,1,-8,1.1742000579833984,1.175718903541565,0.9987081558750214,284,0.093949,0.230892,0.833333,284,284,8080,-1,-1,-1,0,-1,0,4.880663871765137,7.57981538772583,0.6439027366904619,1,0.713203125,0 0 0,4.987 4.744 4.930,0,23,286,1,3.683429002761841,3.7505953311920166,0.9820918220977924,0.3621338912133891,1
2591,51,7106,Program,0,1.0,0.25,25,25,1,measured,262,1,238,1,0,1.4960505962371826,1.496439814567566,0.9997399037859095,21 24,0.093835 0.062102,0.234076 0.007962,1.931373 0.515200,21,21,8080,-1,-1,-1,0,-1,0,10.854208946228027,11.46914291381836,0.9463836162639981,1,0.666953125,0 0 0,7.942 13.800 8.809,0,1.0,0.25,289,289,1,measured,525,1,237,1,-32,7.880407810211182,7.983388900756836,0.9871005794875042,284 288,0.094322 0.051854,0.233974 0.009615,0.827068 0.578585,284,284,8080,-1,-1,-1,0,-1,0,10.873544692993164,11.465339660644531,0.9483840003726415,1,0.668046875,0 0 0,8.079 13.733 8.739,0,23,286,1,4.015192031860352,4.662911415100098,0.8610912098518085,0.4512029288702929,1
2592,52,7107,Program,0,1.0,0.25,23,23,1,measured,262,1,240,1,-6,1.628787875175476,1.6289808750152588,0.9998815211137572,21,0.095507,0.237097,1.842593,21,21,8080,-1,-1,-1,0,-1,0,5.01339864730835,7.798015117645264,0.6429070182185318,1,0.695859375,0 0 0,5.063 4.922 5.774,0,1.0,0.25,286,286,1,measured,525,1,240,1,-32,8.760607719421387,8.839285850524902,0.9910990398507314,284 298,0.094816 0.054493,0.235484 0.022581,2.535714 1.029867,284,284,8080,-1,-1,-1,0,-1,0,4.938281059265137,7.661507606506348,0.6445573525335173,1,0.705078125,0 0 0,4.991 4.824 5.094,0,23,286,1,4.089746475219727,5.511709213256836,0.7420105664106905,0.3253661087866109,1
2593,53,7108,Program,0,1.0,0.25,25,25,1,measured,262,1,238,1,0,1.472946286201477,1.474287986755371,0.9990899331976197,21 24,0.094816 0.057488,0.235484 0.008065,2.666667 0.726252,21,21,8080,-1,-1,-1,0,-1,0,4.914618968963623,7.695715427398682,0.638617554836597,1,0.6984375,0 0 0,4.875 4.907 5.652,0,1.0,0.25,286,286,1,measured,525,1,240,1,-29,63.35223388671875,63.35413360595703,0.9999700142811502,284,0.094322,0.233974,0.762590,284,284,8080,-1,-1,-1,0,-1,0,12.934218406677246,12.981898307800293,0.9963272011540564,1,0.65265625,-1 -1 0,8.690 14.712 17.896,0,23,286,1,3.9792282581329346,4.744452476501465,0.8387117961116553,0.38980125523012554,1
2594,54,7109,Program,0,1.0,0.25,24,25,1,measured,262,1,238,1,-2,81.1212387084961,81.13251495361328,0.9998610144758407,21 23,0.093835 0.113967,0.235669 0.119427,2.020833 2.942308,21 23,21 23,8080 d0c2,23,25,24,1,25,2,13.060096740722656,13.264819145202637,0.9845665137052381,1,0.6689082278481012,1 2 2,9.093 15.952 17.526,0,1.0,0.25,288,288,1,measured,525,1,238,1,-9,1.5046073198318481,1.5055999755859375,0.9993406909071562,284 287,0.094404 0.056529,0.229299 0.006369,0.761194 0.664796,284,284,8080,-1,-1,-1,0,-1,-1,4.975029468536377,7.481826305389404,0.6649485386947169,1,0.70062893081761,-1 -1 -1,5.071 4.818 5.711,0,23,286,-2,3.6370761394500732,3.702094554901123,0.9824373974011622,0.35324267782426777,1
2595,55,7110,Program,0,1.0,0.25,24,25,1,measured,262,1,238,1,-3,77.3251953125,77.39169311523438,0.9991407630450033,21 23,0.094063 0.097816,0.235669 0.030255,2.315789 3.953461,21 23,21 23,8080 d320,23,25,24,1,25,0,4.835536956787109,7.381761074066162,0.6550654929452365,1,0.711640625,0 0 0,4.900 4.727 5.182,0,1.0,0.25,288,288,1,measured,525,1,238,1,-19,1.476791501045227,1.4772357940673828,0.9996992402811115,284 287,0.093494 0.054709,0.232484 0.003185,0.724138 0.725694,284,284,8080,-1,-1,-1,0,-1,0,12.248516082763672,12.482478141784668,0.9812567619695791,1,0.658359375,0 1 3,10.691 11.491 21.495,0,23,286,-2,4.835659503936768,5.6265435218811035,0.8594369678527036,0.38362970711297073,1
2596,56,7111,Program,0,1.0,0.25,23,24,1,measured,262,1,239,1,-29,69.92094421386719,69.9210205078125,0.9999989088553806,21,0.093835,0.234076,2.225806,21,21,8080,-1,-1,23,1,24,-1,12.122376441955566,12.437148094177246,0.974691010363618,1,0.6572327044025157,-1 2 0,10.678 11.953 21.331,0,1.0,0.25,288,288,1,measured,525,1,238,1,-10,1.3134028911590576,1.3140822649002075,0.9994830051669547,284 287,0.094322 0.058150,0.238782 0.016026,2.109890 1.084181,284,284,8080,-1,-1,-1,0,-1,0,4.87619161605835,6.929893970489502,0.7036459196667786,1,0.703984375,0 0 0,5.027 4.658 5.553,0,23,286,-1,3.6752705574035645,3.811413049697876,0.964280310079459,0.3309100418410042,1
2597,57,7112,Program,0,1.0,0.25,23,24,1,measured,262,1,239,1,-25,70.96772003173828,70.9692153930664,0.9999789294369419,21 26,0.094322 0.052999,0.233974 0.008013,0.816901 0.495748,21,21,8080,-1,-1,23,1,24,0,4.871621131896973,6.8902907371521,0.707026933657449,1,0.71109375,0 0 0,4.926 4.814 5.076,0,1.0,0.25,288,288,1,measured,525,1,238,1,-8,1.5176000595092773,1.5185703039169312,0.9993610803496215,284 287,0.093267 0.061988,0.234076 0.007962,1.961165 0.718150,284,284,8080,-1,-1,-1,0,-1,0,4.768408298492432,6.848801136016846,0.6962398533395967,1,0.715234375,0 0 0,4.939 4.549 5.263,0,23,286,-1,4.457152843475342,5.594543933868408,0.7966963699207908,0.3489539748953975,1
2598,58,7113,Program,0,1.0,0.25,23,24,1,measured,262,1,239,1,32,74.94862365722656,75.06851959228516,0.9984028466831399,21 30,0.093580 0.056284,0.234177 0.015823,1.948454 1.649328,21,21,8080,-1,-1,23,1,24,0,10.02017593383789,10.49940013885498,0.9543569919538897,1,0.65578125,0 -2 0,9.790 10.546 11.685,0,1.0,0.25,286,286,1,measured,525,1,240,1,-5,1.3887341022491455,1.3892630338668823,0.9996192717974619,284,0.094895,0.233974,1.901961,284,284,8080,-1,-1,-1,0,-1,0,9.879219055175781,10.39112663269043,0.9507360851609498,1,0.6696875,0 -2 0,9.896 10.485 11.615,0,23,286,-1,4.390322208404541,4.688884735107422,0.9363254710725917,0.40214435146443517,1
2599,59,7114,Program,0,1.0,0.25,23,24,1,measured,262,1,239,1,32,72.07820129394531,72.19227600097656,0.9984198488626441,21 26,0.094666 0.053915,0.240385 0.006410,1.968750 0.641527,21,21,8080,-1,-1,23,1,24,0,4.97506856918335,7.216155529022217,0.689434775785309,1,0.691484375,0 0 0,5.048 4.863 5.050,0,1.0,0.25,288,288,1,measured,525,1,238,1,-27,1.2143151760101318,1.2148760557174683,0.9995383235148172,284 287,0.094208 0.051168,0.238782 0.000000,0.805755 0.517953,284,284,8080,-1,-1,-1,0,-1,0,4.782207012176514,7.056711673736572,0.6776820753460522,1,0.71109375,0 0 0,5.016 4.587 5.234,0,23,286,-1,4.437894821166992,5.594946384429932,0.7931970239280798,0.33943514644351463,1
2600,60,7115,Program,0,1.0,0.25,23,24,1,measured,262,1,239,1,32,71.28743743896484,71.4013671875,0.9984043758120769,21 30,0.094322 0.063988,0.235577 0.032051,2.451220 1.233422,21,21,8080,-1,-1,23,1,24,0,4.705273628234863,6.982822418212891,0.6738354989470119,1,0.719609375,0 0 0,4.715 4.646 4.900,0,1.0,0.25,288,288,1,measured,525,1,238,1,0,1.1599526405334473,1.160031795501709,0.9999317648287154,284 287,0.093494 0.053003,0.234076 0.001592,1.769912 0.893967,284,284,8080,-1,-1,-1,0,-1,0,9.717978477478027,10.301591873168945,0.9433472609984704,1,0.67140625,0 0 1,9.676 10.217 8.046,0,23,286,-1,4.461537837982178,5.091918468475342,0.8761997792392153,0.3852510460251046,1
2601,61,7116,Program,0,1.0,0.25,23,24,1,measured,262,1,239,1,32,70.83798217773438,70.96366119384766,0.9982289665724832,21 30,0.093153 0.058576,0.234076 0.025478,1.801887 1.591170,21,21,8080,-1,-1,23,1,24,0,9.724590301513672,10.2282133102417,0.9507613897508629,1,0.670625,0 0 1,9.381 10.241 7.892,0,1.0,0.25,288,288,1,measured,525,1,238,1,-17,1.4748376607894897,1.4762195348739624,0.9990639101760764,284 287,0.093949 0.053116,0.234076 0.003185,2.235955 0.613656,284,284,8080,-1,-1,-1,0,-1,0,4.665429592132568,7.012971878051758,0.6652571368115411,1,0.715078125,0 0 0,4.672 4.598 5.216,0,23,286,-1,4.368971824645996,4.726776123046875,0.9243026771129921,0.36872384937238495,1
2602,62,7117,Program,0,1.0,0.25,23,24,1,measured,262,1,239,1,32,73.14205169677734,73.26142120361328,0.9983706362110534,21 30,0.093722 0.054140,0.235669 0.017516,0.929688 1.946984,21,21,8080,-1,-1,23,1,24,0,4.605087757110596,6.8486833572387695,0.6724048283299902,1,0.727734375,0 0 0,4.725 4.483 4.835,0,1.0,0.25,288,288,1,measured,525,1,238,1,-1,1.253164529800415,1.2549524307250977,0.9985753237486065,284 287,0.094780 0.058265,0.235577 0.000000,2.500000 0.608049,284,284,8080,-1,-1,-1,0,-1,0,4.63748025894165,6.950717449188232,0.667194472058889,1,0.71171875,0 0 0,4.676 4.535 5.244,0,23,286,-1,4.538656711578369,5.799658298492432,0.782573123792164,0.35549163179916315,1
2603,63,7118,Program,0,1.0,0.25,23,24,1,measured,262,1,239,1,32,75.17803955078125,75.2973403930664,0.9984156035038902,21,0.093380,0.214968,0.563107,21,21,8080,-1,-1,23,1,24,0,9.87076187133789,10.51274585723877,0.938932796947733,1,0.64453125,0 0 0,9.683 10.353 10.413,0,1.0,0.25,288,288,1,measured,525,1,238,1,-2,1.4488906860351562,1.4497627019882202,0.999398511251622,284 287,0.093835 0.061306,0.235669 0.007962,2.314607 0.448692,284,284,8080,-1,-1,-1,0,-1,0,10.027792930603027,10.654736518859863,0.941158226940001,1,0.6696875,0 -2 0,9.904 10.551 10.651,0,23,286,-1,4.342308044433594,4.719388008117676,0.9200998173840594,0.43415271966527197,1
2604,64,7119,Program,0,1.0,0.25,23,24,1,measured,262,1,239,1,32,74.93531799316406,75.04505920410156,0.9985376624110718,21,0.093722,0.230892,2.851852,21,21,8080,-1,-1,23,1,24,0,4.658105373382568,7.116814136505127,0.6545211500591522,1,0.715625,0 0 0,4.664 4.626 4.925,0,1.0,0.25,288,288,1,measured,525,1,238,1,-1,1.1952135562896729,1.195892572402954,0.9994322097745646,284 287,0.092789 0.057753,0.232595 0.004747,2.659091 0.951852,284,284,8080,-1,-1,-1,0,-1,0,4.815937519073486,7.310593605041504,0.6587614876789674,1,0.71109375,0 0 0,4.800 4.741 5.341,0,23,286,-1,4.3388824462890625,5.7070183753967285,0.7602713292450965,0.3636506276150628,1
2605,65,7120,Program,0,1.0,0.25,23,24,1,measured,262,1,239,1,32,74.58257293701172,74.70660400390625,0.9983397576620128,21,0.093241,0.234177,1.901961,21,21,8080,-1,-1,23,1,24,0,4.667988300323486,7.166735649108887,0.6513409352421008,1,0.709609375,0 0 0,4.715 4.574 5.067,0,1.0,0.25,288,288,1,measured,525,1,238,1,0,1.1727882623672485,1.1733360290527344,0.999533154465624,284 287,0.093807 0.055832,0.229430 0.003165,1.819048 0.724733,284,284,8080,-1,-1,-1,0,-1,0,9.112646102905273,9.472562789916992,0.9620042965146846,1,0.6796875,0 0 1,9.504 9.231 8.318,0,23,286,-1,4.459927082061768,5.123762130737305,0.8704399166594387,0.3890167364016736,1
2606,66,7121,Program,0,1.0,0.25,23,24,1,measured,262,1,239,1,32,80.72046661376953,80.82869720458984,0.9986609880579126,21 26,0.092450 0.053345,0.232595 0.007911,2.038835 0.926765,21,21,8080,-1,-1,23,1,24,0,9.132568359375,9.392374038696289,0.9723386570582796,1,0.683046875,0 1 1,9.257 9.209 8.133,0,1.0,0.25,288,288,1,measured,525,1,238,1,-7,1.3566293716430664,1.3567999601364136,0.999874271448733,284 287,0.094437 0.054716,0.238782 0.017628,0.875912 0.834677,284,284,8080,-1,-1,-1,0,-1,0,4.733867168426514,7.309001445770264,0.647676321252613,1,0.71453125,0 0 0,4.887 4.533 5.220,0,23,286,-1,4.264100551605225,4.65801477432251,0.9154330241954678,0.3688284518828452,1
2607,67,7122,Program,0,1.0,0.25,26,26,1,measured,262,1,237,1,32,80.26268768310547,80.36835479736328,0.9986852149142006,21 25,0.094322 0.053686,0.233974 0.025641,2.409091 0.903553,21,21,8080,-1,-1,-1,0,-1,0,4.825507640838623,7.262303352355957,0.6644596633756954,1,0.72125,0 0 0,4.802 4.794 5.025,0,1.0,0.25,288,288,1,measured,525,1,238,1,-15,1.3828883171081543,1.3838852643966675,0.9992796026418073,284 287,0.093949 0.054368,0.234076 0.011146,0.968992 0.977853,284,284,8080,-1,-1,-1,0,-1,0,4.777080059051514,7.243396282196045,0.6595083125292165,1,0.72328125,0 0 0,4.809 4.679 5.430,0,23,286,-1,4.487121105194092,5.800970554351807,0.7735121326944018,0.348744769874477,1
2608,68,7123,Program,0,1.0,0.25,23,24,1,measured,262,1,239,1,32,89.41825866699219,89.50830841064453,0.9989939510057635,21,0.093128,0.229430,2.388235,21,21,8080,-1,-1,23,1,24,0,6.793027400970459,6.81617546081543,0.9966039518821012,1,0.701875,0 1 1,6.700 6.393 8.255,0,1.0,0.25,288,288,1,measured,525,1,238,1,-3,1.1658730506896973,1.1662044525146484,0.9997158287089055,284 287,0.093580 0.062048,0.232595 0.011076,1.792079 0.793488,284,284,8080,-1,-1,-1,0,-1,0,6.896855354309082,6.966381549835205,0.9900197548714845,1,0.702109375,0 1 1,7.008 6.336 8.627,0,23,286,-1,4.3966240882873535,4.999641418457031,0.8793878841103412,0.38849372384937236,1
2609,69,7124,Program,0,1.0,0.25,23,24,1,measured,262,1,239,1,32,89.26123046875,89.3457260131836,0.9990542855466737,21,0.092767,0.229560,2.827160,21,21,8080,-1,-1,23,1,24,0,4.925527572631836,7.060652732849121,0.6976022981156138,1,0.707578125,0 0 0,4.841 4.953 5.097,0,1.0,0.25,288,288,1,measured,525,1,238,1,-14,1.3321889638900757,1.3335355520248413,0.9989902120474247,284 287,0.093580 0.059222,0.232595 0.001582,1.062500 0.990270,284,284,8080,-1,-1,-1,0,-1,0,4.77658224105835,7.0508551597595215,0.6774472220503337,1,0.710078125,0 0 0,4.818 4.666 5.341,0,23,286,-1,4.546905517578125,5.639333248138428,0.806284239201342,0.3462866108786611,1
2610,70,7125,Program,0,1.0,0.25,23,24,1,measured,262,1,239,1,32,88.56822204589844,88.65780639648438,0.9989895492091773,21,0.092902,0.231013,0.840909,21,21,8080,-1,-1,23,1,24,0,4.78469705581665,6.992924690246582,0.6842197317654702,1,0.714609375,0 0 0,4.817 4.743 4.903,0,1.0,0.25,288,288,1,measured,525,1,238,1,-29,1.2582781314849854,1.2587064504623413,0.9996597149580042,284 287,0.093241 0.061031,0.231013 0.011076,0.966942 0.653482,284,284,8080,-1,-1,-1,0,-1,0,7.855429649353027,8.29909610748291,0.9465403879670884,1,0.67984375,0 0 0,8.296 7.670 6.561,0,23,286,-1,4.580522537231445,5.349295139312744,0.8562852521575267,0.400836820083682,1
2611,71,7126,Program,0,1.0,0.25,24,25,1,measured,262,1,238,1,-4,79.1943588256836,79.25575256347656,0.9992253718398069,21 23,0.093241 0.109855,0.235759 0.104430,2.506024 2.725191,21 23,21 23,8080 8080,23,25,24,1,25,1,7.945705413818359,8.22761058807373,0.9657366897427055,1,0.6787735849056604,1 2 0,8.404 7.461 6.276,0,1.0,0.25,288,288,1,measured,525,1,238,1,-22,1.2551145553588867,1.255301833152771,0.9998508105469631,284 287,0.093693 0.053345,0.232595 0.006329,2.082474 0.770149,284,284,8080,-1,-1,-1,0,-1,0,4.937265396118164,7.4778594970703125,0.6602511585103322,1,0.7096875,0 0 0,4.925 4.960 5.368,0,23,286,-2,3.5990521907806396,3.8457489013671875,0.9358521013946476,0.348326359832636,1
2612,72,7127,Program,0,1.0,0.25,24,25,1,measured,262,1,238,1,-5,79.51333618164062,79.52046966552734,0.9999102937405083,21 23,0.093241 0.108047,0.234177 0.044304,0.954887 2.425901,21 23,21 23,8080 0701,23,25,24,1,25,0,4.842060565948486,7.402997016906738,0.6540676100355486,1,0.709296875,0 0 0,4.876 4.782 4.974,0,1.0,0.25,288,288,1,measured,525,1,238,1,-5,1.3117038011550903,1.3120015859603882,0.9997730301483745,284 287,0.093467 0.061031,0.234177 0.012658,0.931298 0.519006,284,284,8080,-1,-1,-1,0,-1,0,4.842939376831055,7.423614501953125,0.6523694590494826,1,0.701953125,0 0 0,4.940 4.772 5.338,0,23,286,-2,4.663200855255127,6.033371448516846,0.7729013363500865,0.34707112970711296,1
2613,73,7128,Program,0,1.0,0.25,23,24,1,measured,262,1,239,1,32,89.4727554321289,89.56520080566406,0.9989678427257062,21,0.093128,0.231013,0.811594,21,21,8080,-1,-1,23,1,24,-1,8.24950885772705,8.291464805603027,0.9949398629965088,1,0.6708333333333333,-1 1 -1,8.331 7.709 5.984,0,1.0,0.25,288,288,1,measured,525,1,238,1,-3,1.6180555820465088,1.6188589334487915,0.9995037545361836,284 287,0.092992 0.058064,0.227987 0.007862,0.900763 0.567010,284,284,8080,-1,-1,-1,0,-1,0,8.266005516052246,8.372365951538086,0.9872962510117823,1,0.69875,0 2 1,8.545 7.664 6.498,0,23,286,-1,3.7209529876708984,3.7219722270965576,0.999726156090516,0.4058054393305439,1
2614,74,7129,Program,0,1.0,0.25,23,24,1,measured,262,1,239,1,32,87.82300567626953,87.91922760009766,0.9989055644998863,21 27,0.093920 0.051876,0.234177 0.006329,0.846154 0.827876,21,21,8080,-1,-1,23,1,24,0,4.791083812713623,7.27396821975708,0.658661636670393,1,0.7103125,0 0 0,4.738 4.805 4.989,0,1.0,0.25,288,288,1,measured,525,1,238,1,-20,1.4922512769699097,1.4926470518112183,0.9997348503513752,284 287,0.093693 0.064195,0.229430 0.006329,0.910714 0.706749,284,284,8080,-1,-1,-1,0,-1,0,4.788476467132568,7.311232089996338,0.6549479497011791,1,0.7109375,0 0 0,4.789 4.751 5.359,0,23,286,-1,4.5192484855651855,5.914992809295654,0.7640327945053459,0.3527196652719665,1
2615,75,7130,Program,0,1.0,0.25,23,24,1,measured,262,1,239,1,32,88.0921401977539,88.17898559570312,0.999015123644681,21 27,0.093104 0.054358,0.231132 0.001572,1.981132 0.713394,21,21,8080,-1,-1,23,1,24,0,4.720537185668945,7.24059534072876,0.6519542887745232,1,0.714609375,0 0 0,4.763 4.673 4.966,0,1.0,0.25,288,288,1,measured,525,1,238,1,0,1.4476698637008667,1.4497627019882202,0.9985564270038929,284 287,0.093128 0.054928,0.207278 0.004747,0.504950 0.766729,284,284,8080,-1,-1,-1,0,-1,0,7.383662223815918,7.57147216796875,0.9751950558641204,1,0.68828125,0 2 0,7.786 6.949 5.864,0,23,286,-1,4.417070388793945,5.151170253753662,0.8574887202719076,0.3294456066945607,1
2616,76,7131,Program,0,1.0,0.25,23,24,1,measured,262,1,239,1,32,86.99459075927734,87.0855484008789,0.9989555369028297,21,0.093128,0.232595,0.912698,21,21,8080,-1,-1,23,1,24,0,7.221875190734863,7.462450981140137,0.9677618263740316,1,0.69625,0 2 0,7.539 6.752 5.500,0,1.0,0.25,288,288,1,measured,525,1,238,1,-8,1.4869999885559082,1.4872204065322876,0.999851791990339,284 287,0.092992 0.056155,0.227987 0.000000,2.571429 0.763636,284,284,8080,-1,-1,-1,0,-1,0,4.790947437286377,7.53737211227417,0.6356257016267778,1,0.714375,0 0 0,4.883 4.631 5.362,0,23,286,-1,4.371230125427246,4.991361618041992,0.875759053326613,0.3321129707112971,1
2617,77,7132,Program,0,1.0,0.25,23,24,1,measured,262,1,239,1,32,88.96859741210938,89.05357360839844,0.9990457856675945,21,0.091741,0.228125,1.968750,21,21,8080,-1,-1,23,1,24,0,4.639257907867432,7.309964656829834,0.6346484730993723,1,0.715546875,0 0 0,4.635 4.637 4.936,0,1.0,0.25,288,288,1,measured,525,1,238,1,-16,1.4657617807388306,1.4662216901779175,0.9996863302172053,284 287,0.093128 0.054137,0.231013 0.020570,1.990385 0.763066,284,284,8080,-1,-1,-1,0,-1,0,4.665370941162109,7.363286018371582,0.6335990384621611,1,0.723359375,0 0 0,4.570 4.699 5.328,0,23,286,-1,4.549071788787842,5.897364616394043,0.7713736702224429,0.36830543933054394,1
2618,78,7133,Program,0,1.0,0.25,23,24,1,measured,262,1,239,1,32,90.70486450195312,90.80315399169922,0.9989175542321462,21,0.091741,0.229687,1.831776,21,21,8080,-1,-1,23,1,24,0,7.961083889007568,7.977142333984375,0.997986942653838,1,0.6825,0 1 0,8.122 7.247 6.664,0,1.0,0.25,288,288,1,measured,525,1,238,1,-19,1.6471905708312988,1.647560954093933,0.9997751929834742,284 287,0.091853 0.059710,0.228125 0.003125,1.051724 0.565640,284,284,8080,-1,-1,-1,0,-1,0,8.070038795471191,8.215398788452148,0.9823063984203323,1,0.670625,0 1 0,8.303 7.622 6.748,0,23,286,-1,4.380800724029541,5.0435051918029785,0.8686024019861214,0.37981171548117154,1
