ordinal,local_exact,counter,event,no_placement_expected,f1_blank_mean,f1_blank_noise,f1_active_top_line,f1_top_line,f1_top_valid,f1_top_status,f1_bottom_line,f1_bottom_valid,f1_bottom_censored,f1_visible_height,f1_height_valid,f1_line21_lines,f1_line21_bytes,f1_line21_unique_line,f1_line21_implied_top,f1_gap_line,f1_gap_valid,f1_gap_implied_top,f1_body_shift,f1_body_mad,f1_body_second_mad,f1_body_ratio,f1_body_unique,f1_static_fraction,f1_band_shifts,f1_band_mads,f1_repeated,f2_blank_mean,f2_blank_noise,f2_active_top_line,f2_top_line,f2_top_valid,f2_top_status,f2_bottom_line,f2_bottom_valid,f2_bottom_censored,f2_visible_height,f2_height_valid,f2_line21_lines,f2_line21_bytes,f2_line21_unique_line,f2_line21_implied_top,f2_gap_line,f2_gap_valid,f2_gap_implied_top,f2_body_shift,f2_body_mad,f2_body_second_mad,f2_body_ratio,f2_body_unique,f2_static_fraction,f2_band_shifts,f2_band_mads,f2_repeated,comb_best_shift,comb_best_energy,comb_second_energy,comb_ratio,comb_static_fraction,comb_valid
43679,105,48197,Program,0,1.0,0.25,23,23,1,measured,259,1,0,237,1,21,8080,-1,-1,-1,0,-1,0,28.866426467895508,30.90250587463379,0.9341128057705641,1,0.54078125,0 3 0,25.307 31.639 29.580,0,1.0,0.25,286,286,1,measured,525,0,1,240,0,284,8080,-1,-1,-1,0,-1,0,31.751493453979492,33.553192138671875,0.9463032108168383,1,0.54546875,0 0 0,25.271 36.557 35.935,0,0,14.730358123779297,16.39708709716797,0.8983521302587615,0.23598326359832636,1
43680,106,48198,Program,0,1.0,0.25,23,23,1,measured,262,0,1,240,0,21,8080,-1,-1,-1,0,-1,0,30.537334442138672,31.582910537719727,0.9668942450907964,1,0.54,0 -1 -1,27.029 33.296 30.443,0,1.0,0.25,286,286,1,measured,525,0,1,240,0,284,8080,-1,-1,-1,0,-1,0,31.82732391357422,33.10092544555664,0.9615236880891079,1,0.54671875,0 3 2,26.445 35.634 33.414,0,0,7.613966464996338,9.634112358093262,0.7903132309433911,0.2657426778242678,1
43681,107,48199,Program,0,1.0,0.25,23,23,1,measured,262,0,1,240,0,21,8080,-1,-1,-1,0,-1,0,0.2967773377895355,30.83167266845703,0.009625729391359283,1,0.970625,0 0 0,0.323 0.279 0.293,0,1.0,0.25,286,286,1,measured,523,0,1,238,0,284,8080,-1,-1,-1,0,-1,0,28.745332717895508,29.95769500732422,0.9595308554569266,1,0.526640625,0 -1 -1,24.939 31.160 32.378,0,0,10.480659484863281,12.519268035888672,0.8371623208975667,0.1080020920502092,1
43682,108,48200,Program,0,1.0,0.25,23,23,1,measured,255,1,0,233,1,21,8080,-1,-1,-1,0,-1,0,32.00960922241211,33.572601318359375,0.9534444149523638,1,0.548125,0 0 -2,28.213 35.077 33.508,0,1.0,0.25,286,286,1,measured,521,1,0,236,1,284,8080,-1,-1,-1,0,-1,0,31.05557632446289,32.167964935302734,0.9654193663454584,1,0.540625,0 -2 -1,25.623 34.665 33.913,0,0,14.012962341308594,15.57963752746582,0.899440844923684,0.25570083682008365,1
43683,109,48201,Program,0,1.0,0.25,23,23,1,measured,262,0,1,240,0,21,8080,-1,-1,-1,0,-1,0,34.06849670410156,35.321041107177734,0.9645382932152122,1,0.545703125,0 -2 3,29.308 36.751 35.246,0,1.0,0.25,286,286,1,measured,525,0,1,240,0,284,8080,-1,-1,-1,0,-1,0,32.189239501953125,33.87200164794922,0.95031996740299,1,0.552109375,0 0 1,26.402 37.274 32.578,0,0,14.831775665283203,16.60162925720215,0.8933927770281255,0.25742677824267785,1
43684,110,48202,Program,0,1.0,0.25,23,23,1,measured,261,0,1,239,0,21,8080,-1,-1,-1,0,-1,0,32.546417236328125,34.666351318359375,0.9388474990470506,1,0.54265625,0 3 -2,27.880 36.499 35.023,0,1.0,0.25,286,286,1,measured,525,0,1,240,0,284,8080,-1,-1,-1,0,-1,0,30.9716796875,33.427101135253906,0.9265439908229346,1,0.536875,0 -2 3,25.686 35.087 35.455,0,0,14.78997802734375,16.495933532714844,0.8965832699320816,0.2303347280334728,1
43685,111,48203,Program,0,1.0,0.25,23,23,1,measured,262,0,1,240,0,21,8080,-1,-1,-1,0,-1,0,32.9521598815918,34.63243865966797,0.9514825163024693,1,0.562265625,0 2 1,27.840 36.796 33.863,0,1.0,0.25,286,286,1,measured,523,0,1,238,0,284,8080,-1,-1,-1,0,-1,0,32.070343017578125,33.05484390258789,0.9702161387326144,1,0.543828125,0 -1 -1,26.721 35.596 37.340,0,0,15.157477378845215,17.106714248657227,0.8860542801219109,0.24639121338912134,1
43686,112,48204,Garbage,1,1.0,0.25,23,23,1,measured,259,1,0,237,1,21,8080,-1,-1,-1,0,-1,0,33.42340850830078,34.885189056396484,0.9580973878131335,1,0.563828125,0 2 -1,29.171 36.175 33.998,0,1.0,0.25,286,286,1,measured,522,0,1,237,0,284,8080,-1,-1,-1,0,-1,0,33.555809020996094,34.67975616455078,0.9675906849453696,1,0.563046875,0 -2 3,29.197 35.642 36.307,0,0,8.50399112701416,10.142064094543457,0.8384872199328144,0.2686192468619247,1
43687,113,48205,Black,1,1.0,0.25,23,23,1,measured,259,1,0,237,1,21,8080,-1,-1,-1,0,-1,0,0.3121679723262787,34.19432830810547,0.009129232471347653,1,0.964453125,0 0 0,0.355 0.275 0.266,0,1.0,0.25,286,286,1,measured,522,0,1,237,0,284,8080,-1,-1,-1,0,-1,0,33.265018463134766,34.26783752441406,0.9707358522239742,1,0.567421875,0 3 -1,29.692 34.719 35.064,0,0,10.811734199523926,14.068877220153809,0.7684859303510025,0.08535564853556485,1
43688,114,48206,PreSnow,1,1.0,0.25,23,23,1,measured,262,0,1,240,0,21,8080,-1,-1,-1,0,-1,0,31.208477020263672,32.652320861816406,0.9557812797545683,1,0.56015625,0 -2 0,27.930 33.060 33.576,0,1.0,0.25,286,286,1,measured,525,0,1,240,0,284,8080,-1,-1,-1,0,-1,0,31.78864288330078,33.104156494140625,0.9602613765110527,1,0.544140625,0 -1 -1,28.212 33.421 33.696,0,0,13.891327857971191,15.086681365966797,0.9207676307996975,0.24184100418410043,1
43689,115,48207,Snow,1,1.0,0.25,23,23,1,measured,262,0,1,240,0,21,8080,-1,-1,-1,0,-1,0,31.20418930053711,33.02787780761719,0.9447833579346875,1,0.549375,0 -2 0,26.901 34.853 36.420,0,1.0,0.25,286,286,1,measured,525,0,1,240,0,284,8080,-1,-1,-1,0,-1,0,27.993427276611328,30.020381927490234,0.9324807174081025,1,0.53578125,0 -2 0,23.758 30.856 31.382,0,0,12.943046569824219,14.380367279052734,0.9000497914039929,0.22217573221757322,1
43690,116,48208,Snow,1,1.0,0.25,23,23,1,measured,262,0,1,240,0,21,8080,-1,-1,-1,0,-1,0,32.934024810791016,34.938716888427734,0.942622618797409,1,0.55734375,0 -3 -1,26.786 38.331 36.849,0,1.0,0.25,286,286,1,measured,521,1,0,236,1,284,8080,-1,-1,-1,0,-1,0,29.55630874633789,30.8505802154541,0.9580470947360703,1,0.546484375,0 1 -1,24.983 32.286 32.176,0,0,14.664976119995117,16.065004348754883,0.9128522969327254,0.2539748953974895,1
43691,117,48209,Snow,1,1.0,0.25,23,23,1,measured,262,0,1,240,0,21,8080,-1,-1,-1,0,-1,0,31.698261260986328,32.820655822753906,0.9658021896994073,1,0.56,0 -1 2,25.603 36.325 32.566,0,1.0,0.25,286,286,1,measured,525,0,1,240,0,284,8080,-1,-1,-1,0,-1,0,30.16252899169922,31.732351303100586,0.9505292785773496,1,0.55234375,0 0 1,25.233 33.777 31.796,0,0,7.612320899963379,9.29383659362793,0.819071954114468,0.26631799163179914,1
43692,118,48210,Snow,1,1.0,0.25,23,23,1,measured,262,0,1,240,0,21,8080,-1,-1,-1,0,-1,0,0.2711425721645355,30.112794876098633,0.009004231366771902,1,0.98140625,0 0 0,0.243 0.296 0.326,0,1.0,0.25,286,286,1,measured,525,0,1,240,0,284,8080,-1,-1,-1,0,-1,0,29.419971466064453,31.011507034301758,0.9486791929693417,1,0.539140625,0 1 0,24.787 32.752 31.251,0,0,10.372283935546875,13.230378150939941,0.7839748658136415,0.10109832635983264,1
43693,119,48211,Snow,1,1.0,0.25,23,23,1,measured,263,0,1,241,0,21,8080,-1,-1,-1,0,-1,0,81.79125213623047,82.74861145019531,0.988430509017773,1,1.0,0 -3 3,68.988 93.005 93.994,0,1.0,0.25,286,286,1,measured,525,0,1,240,0,284,8080,-1,-1,-1,0,-1,0,81.7353744506836,82.70732879638672,0.9882482682024959,1,1.0,0 1 3,67.528 93.523 92.058,0,0,1.0399622917175293,1.4990061521530151,0.6937678609416222,0.9998953974895397,1
43694,120,48212,Snow,1,1.0,0.25,23,23,1,measured,263,0,1,241,0,21,8080,-1,-1,-1,0,-1,0,0.5860937237739563,2.224282741546631,0.26349785161144684,1,0.856171875,0 -3 -1,0.600 0.579 0.345,0,1.0,0.25,286,286,1,measured,525,0,1,240,0,284,8080,-1,-1,-1,0,-1,0,0.3961523473262787,2.1177377700805664,0.18706392874657357,1,0.96609375,0 -3 3,0.416 0.369 0.371,0,0,0.6795973777770996,1.0589361190795898,0.641773725092874,0.7664748953974896,1
43695,121,48213,Snow,1,1.0,0.25,23,23,1,measured,263,0,1,241,0,21,8080,-1,-1,-1,0,-1,0,0.4237109422683716,2.0356523990631104,0.2081450361876028,1,0.967734375,0 -1 -3,0.417 0.333 0.356,0,1.0,0.25,286,286,1,measured,525,0,1,240,0,284,8080,-1,-1,-1,0,-1,0,0.36460936069488525,2.0708529949188232,0.17606723489765522,1,0.951796875,0 -3 0,0.396 0.342 0.347,0,0,0.7813838720321655,1.221725583076477,0.6395739623169149,0.8181485355648536,1
43696,122,48214,Snow,1,1.0,0.25,23,23,1,measured,263,0,1,241,0,21,8080,-1,-1,-1,0,-1,0,0.35915037989616394,2.0843358039855957,0.17230926955695375,1,0.96015625,0 -3 0,0.328 0.375 0.429,0,1.0,0.25,286,286,1,measured,525,0,1,240,0,284,8080,-1,-1,-1,0,-1,0,0.4957031309604645,2.114543914794922,0.23442555507698692,1,0.946796875,0 0 -1,0.582 0.414 0.359,0,0,0.8462931513786316,1.2719533443450928,0.6653492088692715,0.9061715481171548,1
43697,123,48215,Snow,1,1.0,0.25,23,23,1,measured,263,0,1,241,0,21,8080,-1,-1,-1,0,-1,0,0.45066407322883606,2.0923643112182617,0.21538508892193858,1,0.967109375,0 3 -3,0.514 0.387 0.360,0,1.0,0.25,286,286,1,measured,525,0,1,240,0,284,8080,-1,-1,-1,0,-1,0,0.4122070372104645,2.07686710357666,0.19847540389107488,1,0.95984375,0 -3 -1,0.382 0.425 0.320,0,0,0.8344584703445435,1.3121726512908936,0.6359364901589872,0.9083682008368201,1
43698,124,48216,Snow,1,1.0,0.25,23,23,1,measured,263,0,1,241,0,21,8080,-1,-1,-1,0,-1,0,0.3996874988079071,1.9857901334762573,0.20127378622242806,1,0.965703125,0 2 1,0.413 0.387 0.329,0,1.0,0.25,286,286,1,measured,525,0,1,240,0,284,8080,-1,-1,-1,0,-1,0,0.3971484303474426,2.0316529273986816,0.19548045091340946,1,0.929765625,0 3 1,0.420 0.364 0.353,0,0,0.8289880752563477,1.2901932001113892,0.6425301847698288,0.8162133891213389,1
43699,125,48217,Snow,1,1.0,0.25,23,23,1,measured,263,0,1,241,0,21,8080,-1,-1,-1,0,-1,0,0.3789941370487213,1.9876965284347534,0.19067002010974327,1,0.94296875,0 1 3,0.348 0.363 0.413,0,1.0,0.25,286,286,1,measured,525,0,1,240,0,284,8080,-1,-1,-1,0,-1,0,0.4227343797683716,2.042177677154541,0.20700176311660923,1,0.915234375,0 -2 2,0.431 0.365 0.374,0,0,0.8168008327484131,1.3087306022644043,0.6241168589892834,0.8170502092050209,1
43700,126,48218,Snow,1,1.0,0.25,23,23,1,measured,263,0,1,241,0,21,8080,-1,-1,-1,0,-1,0,0.33748045563697815,1.9671579599380493,0.17155737490832015,1,0.966484375,0 3 3,0.371 0.304 0.333,0,1.0,0.25,286,286,1,measured,525,0,1,240,0,284,8080,-1,-1,-1,0,-1,0,0.4716113209724426,1.9946246147155762,0.2364411416028234,1,0.95265625,0 1 1,0.570 0.319 0.314,0,0,0.7505497932434082,1.1434249877929688,0.6564049249020825,0.8561192468619246,1
43701,127,48219,Snow,1,1.0,0.25,23,23,1,measured,263,0,1,241,0,21,8080,-1,-1,-1,0,-1,0,0.43753907084465027,1.9711380004882812,0.22197282520871958,1,0.9321875,0 2 1,0.447 0.339 0.295,0,1.0,0.25,286,286,1,measured,525,0,1,240,0,284,8080,-1,-1,-1,0,-1,0,0.43327149748802185,1.9860455989837646,0.2181578800153036,1,0.94703125,0 2 -2,0.443 0.352 0.361,0,0,0.8120221495628357,1.21454656124115,0.6685805019554187,0.8893305439330544,1
43702,128,48220,Snow,1,1.0,0.25,23,23,1,measured,263,0,1,241,0,21,8080,-1,-1,-1,0,-1,0,0.36802732944488525,1.9562991857528687,0.188124256312693,1,0.951171875,0 3 1,0.367 0.367 0.308,0,1.0,0.25,286,286,1,measured,525,0,1,240,0,284,8080,-1,-1,-1,0,-1,0,0.3897168040275574,1.9656250476837158,0.19826609580845442,1,0.943671875,0 -1 1,0.401 0.353 0.406,0,0,0.8446792364120483,1.3309476375579834,0.6346449796942139,0.8389644351464435,1
43703,129,48221,Snow,1,1.0,0.25,23,23,1,measured,263,0,1,241,0,21,8080,-1,-1,-1,0,-1,0,0.4274316430091858,1.9459611177444458,0.21965065956950863,1,0.96375,0 2 3,0.430 0.338 0.375,0,1.0,0.25,286,286,1,measured,525,0,1,240,0,284,8080,-1,-1,-1,0,-1,0,0.4030175805091858,1.9689269065856934,0.20468894968176174,1,0.97046875,0 3 -1,0.437 0.355 0.367,0,0,0.7893639206886292,1.1875,0.6647275121588456,0.9042364016736402,1
43704,130,48222,Snow,1,1.0,0.25,23,23,1,measured,263,0,1,241,0,21,8080,-1,-1,-1,0,-1,0,0.3897949159145355,1.9948015213012695,0.19540536326654717,1,0.96890625,0 -3 2,0.391 0.378 0.349,0,1.0,0.25,286,286,1,measured,525,0,1,240,0,284,8080,-1,-1,-1,0,-1,0,0.36295899748802185,2.0451748371124268,0.1774708894817433,1,0.95671875,0 -3 3,0.348 0.376 0.322,0,0,0.8605747222900391,1.2176635265350342,0.7067426292539764,0.9161610878661088,1
43705,131,48223,Snow,1,1.0,0.25,23,23,1,measured,263,0,1,241,0,21,8080,-1,-1,-1,0,-1,0,0.4735742211341858,2.059905767440796,0.22990091518727537,1,0.929765625,0 0 3,0.534 0.430 0.398,0,1.0,0.25,286,286,1,measured,525,0,1,240,0,284,8080,-1,-1,-1,0,-1,0,0.4330761730670929,2.0278990268707275,0.21355904181056654,1,0.96171875,0 -1 3,0.391 0.373 0.507,0,0,0.8531875014305115,1.280779480934143,0.6661470722565253,0.8368200836820083,1
43706,132,48224,Snow,1,1.0,0.25,23,23,1,measured,263,0,1,241,0,21,8080,-1,-1,-1,0,-1,0,0.38619139790534973,1.991234302520752,0.1939457337674731,1,0.977890625,0 -3 0,0.379 0.370 0.399,0,1.0,0.25,286,286,1,measured,525,0,1,240,0,284,8080,-1,-1,-1,0,-1,0,0.4007324278354645,2.0084118843078613,0.19952701483518898,1,0.969609375,0 3 -1,0.406 0.393 0.428,0,0,0.8166555166244507,1.2683788537979126,0.6438577197807542,0.919560669456067,1
43707,133,48225,Snow,1,1.0,0.25,23,23,1,measured,263,0,1,241,0,21,8080,-1,-1,-1,0,-1,0,0.3956640660762787,1.9835397005081177,0.19947373172058142,1,0.978203125,0 -1 -1,0.361 0.404 0.386,0,1.0,0.25,286,286,1,measured,525,0,1,240,0,284,8080,-1,-1,-1,0,-1,0,0.4386328160762787,2.067472457885742,0.21215896463493275,1,0.963515625,0 -2 0,0.402 0.436 0.440,0,0,0.8379525542259216,1.3017854690551758,0.6436948131200912,0.9201882845188285,1
43708,134,48226,Mute,1,1.0,0.25,23,23,1,measured,263,0,1,241,0,21,8080,-1,-1,-1,0,-1,0,0.42713868618011475,1.986281394958496,0.21504439766906236,1,0.965,0 -2 -3,0.436 0.388 0.414,0,1.0,0.25,286,286,1,measured,525,0,1,240,0,284,8080,-1,-1,-1,0,-1,0,0.4391796886920929,2.0317904949188232,0.21615402266641648,1,0.96125,0 2 -2,0.411 0.430 0.378,0,0,0.779939591884613,1.2249832153320312,0.6366941049663368,0.8942991631799163,1
43709,135,48227,Mute,1,1.0,0.25,23,23,1,measured,263,0,1,241,0,21,8080,-1,-1,-1,0,-1,0,0.3989550769329071,1.9851120710372925,0.20097357864759682,1,0.975625,0 2 1,0.373 0.374 0.420,0,1.0,0.25,286,286,1,measured,525,0,1,240,0,284,8080,-1,-1,-1,0,-1,0,0.38343751430511475,2.0033411979675293,0.1913990061673606,1,0.980703125,0 -3 3,0.382 0.363 0.399,0,0,0.8272115588188171,1.292063593864441,0.6402251117878068,0.9169979079497907,1
43710,136,48228,Mute,1,1.0,0.25,23,23,1,measured,263,0,1,241,0,21,8080,-1,-1,-1,0,-1,0,0.43290039896965027,1.9642295837402344,0.2203919554787138,1,0.966015625,0 -1 -3,0.424 0.370 0.389,0,1.0,0.25,286,286,1,measured,525,0,1,240,0,284,8080,-1,-1,-1,0,-1,0,0.41447266936302185,2.0100040435791016,0.20620489331205205,1,0.9715625,0 3 -2,0.436 0.365 0.404,0,0,0.8390332460403442,1.260027527809143,0.6658848537215712,0.9043933054393305,1
43711,137,48229,Mute,1,1.0,0.25,23,23,1,measured,263,0,1,241,0,21,8080,-1,-1,-1,0,-1,0,0.46119141578674316,2.034365177154541,0.22670040805152292,1,0.9565625,0 2 -1,0.439 0.438 0.425,0,1.0,0.25,286,286,1,measured,525,0,1,240,0,284,8080,-1,-1,-1,0,-1,0,0.4112206995487213,2.007330894470215,0.20485944827609143,1,0.9234375,0 3 -2,0.392 0.405 0.323,0,0,0.7690198421478271,1.2118107080459595,0.6346039336356988,0.8892259414225941,1
43712,138,48230,Mute,1,1.0,0.25,23,23,1,measured,263,0,1,241,0,21,8080,-1,-1,-1,0,-1,0,0.34373047947883606,1.9701159000396729,0.1744722122550832,1,0.964609375,0 -3 -3,0.374 0.316 0.301,0,1.0,0.25,286,286,1,measured,525,0,1,240,0,284,8080,-1,-1,-1,0,-1,0,0.37083008885383606,2.0024960041046143,0.18518393449661194,1,0.95296875,0 -3 1,0.374 0.374 0.391,0,0,0.7741868495941162,1.2351043224334717,0.6268189945840121,0.8964435146443515,1
43713,139,48231,Mute,1,1.0,0.25,23,23,1,measured,263,0,1,241,0,21,8080,-1,-1,-1,0,-1,0,0.40131837129592896,1.94935142993927,0.2058727662607412,1,0.975859375,0 1 -2,0.343 0.338 0.315,0,1.0,0.25,286,286,1,measured,525,0,1,240,0,284,8080,-1,-1,-1,0,-1,0,0.43160155415534973,2.0120086669921875,0.2145127708622468,1,0.95,0 -2 -2,0.425 0.432 0.403,0,0,0.7916678786277771,1.2261677980422974,0.6456439974135318,0.9005230125523013,1
43714,140,48232,Mute,1,1.0,0.25,23,23,1,measured,263,0,1,241,0,21,8080,-1,-1,-1,0,-1,0,0.37451171875,1.9425708055496216,0.19279179820888817,1,0.94640625,0 1 -3,0.320 0.362 0.373,0,1.0,0.25,286,286,1,measured,525,0,1,240,0,284,8080,-1,-1,-1,0,-1,0,0.38246095180511475,1.945233941078186,0.19661437307284896,1,0.935625,0 1 -1,0.389 0.317 0.320,0,0,0.739659309387207,1.1459282636642456,0.6454673759612631,0.8389644351464435,1
43715,141,48233,Mute,1,1.0,0.25,23,23,1,measured,263,0,1,241,0,21,8080,-1,-1,-1,0,-1,0,0.34427735209465027,1.9201552867889404,0.17929661963454133,1,0.95328125,0 -1 3,0.313 0.320 0.367,0,1.0,0.25,286,286,1,measured,525,0,1,240,0,284,8080,-1,-1,-1,0,-1,0,0.3475585877895355,1.9650648832321167,0.176868759273676,1,0.956796875,0 -2 -3,0.354 0.304 0.354,0,0,0.777202308177948,1.229193091392517,0.6322865899754433,0.8653242677824268,1
43716,142,48234,Mute,1,1.0,0.25,23,23,1,measured,263,0,1,241,0,21,8080,-1,-1,-1,0,-1,0,0.3307226598262787,1.931662678718567,0.17121139393016313,1,0.96109375,0 -3 3,0.340 0.308 0.340,0,1.0,0.25,286,286,1,measured,525,0,1,240,0,284,8080,-1,-1,-1,0,-1,0,0.45304688811302185,2.0440447330474854,0.2216423548801547,1,0.933046875,0 -3 1,0.533 0.369 0.347,0,0,0.7268390655517578,1.0926984548568726,0.6651780848788361,0.8332635983263599,1
43717,143,48235,Mute,1,1.0,0.25,23,23,1,measured,263,0,1,241,0,21,8080,-1,-1,-1,0,-1,0,0.42195311188697815,1.9886399507522583,0.2121817535282657,1,0.92140625,0 2 -2,0.408 0.331 0.293,0,1.0,0.25,286,286,1,measured,525,0,1,240,0,284,8080,-1,-1,-1,0,-1,0,0.3681933581829071,2.011821985244751,0.18301487948900907,1,0.951953125,0 -3 -1,0.359 0.351 0.274,0,0,0.804348349571228,1.2532635927200317,0.6418030127449115,0.8168410041841004,1
43718,144,48236,Mute,1,1.0,0.25,23,23,1,measured,263,0,1,241,0,21,8080,-1,-1,-1,0,-1,0,0.3365722596645355,1.9808372259140015,0.16991414300043445,1,0.9659375,0 0 -2,0.371 0.311 0.295,0,1.0,0.25,286,286,1,measured,525,0,1,240,0,284,8080,-1,-1,-1,0,-1,0,0.3871093690395355,1.945233941078186,0.1990040173908194,1,0.941484375,0 -1 2,0.397 0.297 0.290,0,0,0.7343167662620544,1.1494287252426147,0.6388536758615103,0.8697698744769874,1
43719,145,48237,Mute,1,1.0,0.25,23,23,1,measured,263,0,1,241,0,21,8080,-1,-1,-1,0,-1,0,0.38994139432907104,1.9823801517486572,0.1967036413198063,1,0.938984375,0 -2 -1,0.355 0.337 0.363,0,1.0,0.25,286,286,1,measured,525,0,1,240,0,284,8080,-1,-1,-1,0,-1,0,0.3792773485183716,2.0285770893096924,0.18696718528327483,1,0.942265625,0 -3 2,0.415 0.314 0.329,0,0,0.8285871148109436,1.2974581718444824,0.6386233736021054,0.8152196652719665,1
43720,146,48238,Mute,1,1.0,0.25,23,23,1,measured,263,0,1,241,0,21,8080,-1,-1,-1,0,-1,0,0.43553709983825684,1.9545892477035522,0.22282794216225715,1,0.964453125,0 -2 -2,0.405 0.313 0.427,0,1.0,0.25,286,286,1,measured,525,0,1,240,0,284,8080,-1,-1,-1,0,-1,0,0.3743359446525574,2.0013365745544434,0.1870429738865366,1,0.941484375,0 0 -1,0.455 0.294 0.348,0,0,0.8589136004447937,1.2598779201507568,0.6817435139604766,0.8731694560669456,1
43721,147,48239,Mute,1,1.0,0.25,23,23,1,measured,263,0,1,241,0,21,8080,-1,-1,-1,0,-1,0,0.3842187523841858,1.9689760208129883,0.19513632889523064,1,0.947734375,0 1 -2,0.378 0.329 0.318,0,1.0,0.25,286,286,1,measured,525,0,1,240,0,284,8080,-1,-1,-1,0,-1,0,0.4000878930091858,1.999390721321106,0.2001049063310777,1,0.939453125,0 -3 3,0.450 0.317 0.399,0,0,0.7542059421539307,1.1648186445236206,0.647487869205923,0.8432531380753138,1
43722,148,48240,Mute,1,1.0,0.25,23,23,1,measured,263,0,1,241,0,21,8080,-1,-1,-1,0,-1,0,0.42851561307907104,1.9673151969909668,0.21781746704060997,1,0.965234375,0 -1 -2,0.470 0.383 0.393,0,1.0,0.25,286,286,1,measured,522,0,1,237,0,284,8080,-1,-1,-1,0,-1,0,64.10895538330078,65.22591400146484,0.9828755390359271,1,0.7703125,0 0 -3,57.004 71.256 76.891,0,0,3.8107707500457764,5.137236595153809,0.7417938962828092,0.013232217573221757,1
43723,149,48241,Mute,1,1.0,0.25,23,23,1,measured,256,1,0,234,1,21,8080,-1,-1,-1,0,-1,0,54.099578857421875,55.25087356567383,0.9791624161944975,1,0.972265625,0 3 -3,48.750 58.650 67.089,0,1.0,0.25,286,286,1,measured,522,0,1,237,0,284,8080,-1,-1,-1,0,-1,0,19.252666473388672,21.124685287475586,0.9113824045844225,1,0.89609375,0 1 1,16.520 21.081 15.942,0,3,15.30858325958252,16.59514808654785,0.9224734349910242,0.23368200836820083,1
43724,150,48242,Mute,1,1.0,0.25,23,23,0,vbi_ambiguous,260,0,1,238,0,21 23,8080 2045,23,25,-1,0,-1,0,27.640897750854492,28.864288330078125,0.9576157719451273,1,0.535546875,0 3 3,16.460 34.013 32.875,0,1.0,0.25,286,286,0,vbi_ambiguous,523,0,1,238,0,284 286,8080 d645,286,288,-1,0,-1,2,13.952808380126953,14.125884056091309,0.9877476216513527,1,0.6438291139240506,0 2 2,11.158 11.660 16.943,0,0,5.423791885375977,7.429500102996826,0.7300345662810059,0.3073744769874477,1
43725,151,48243,Mute,1,1.0,0.25,23,24,1,measured,260,0,1,237,0,21,8080,-1,-1,23,1,24,0,19.969491958618164,20.75831413269043,0.9619996995406279,1,0.54109375,0 1 2,10.436 27.208 29.679,0,1.0,0.25,286,286,1,measured,525,0,1,240,0,284,8080,-1,-1,-1,0,-1,0,20.561973571777344,23.5791072845459,0.872042071976744,1,0.8234375,0 0 0,21.412 21.272 13.236,0,0,7.650509357452393,9.36645793914795,0.8167985600486609,0.3530334728033473,1
43726,152,48244,Mute,1,1.0,0.25,23,23,1,measured,262,0,1,240,0,21,8080,-1,-1,-1,0,-1,0,7.736611366271973,8.681682586669922,0.8911419288872602,1,0.560390625,0 -1 -1,5.277 7.773 14.982,0,1.0,0.25,286,286,1,measured,525,0,1,240,0,284,8080,-1,-1,-1,0,-1,0,22.485029220581055,23.582143783569336,0.9534768945072464,1,0.815,0 -1 -1,22.669 22.522 13.818,0,0,4.687996864318848,6.785202503204346,0.6909148049899643,0.2830020920502092,1
43727,153,48245,Mute,1,1.0,0.25,23,23,0,vbi_ambiguous,262,0,1,240,0,21 23,8080 94f2,23,25,-1,0,-1,0,6.792636871337891,11.045371055603027,0.6149758878306006,1,0.589140625,0 0 0,5.115 8.206 12.519,0,1.0,0.25,286,286,0,vbi_ambiguous,525,0,1,240,0,284 286,8080 544f,286,288,-1,0,-1,0,7.809072494506836,11.786272048950195,0.662556613497004,1,0.746640625,0 0 0,5.177 10.206 11.466,0,0,6.2513957023620605,7.640700340270996,0.8181705110739024,0.4684623430962343,1
43728,154,48246,Mute,1,1.0,0.25,23,24,1,measured,262,0,1,239,0,21,8080,-1,-1,23,1,24,0,7.786357402801514,10.39660930633545,0.7489323849129053,1,0.603984375,0 0 -1,6.787 8.766 8.638,0,1.0,0.25,286,287,1,measured,525,0,1,239,0,284,8080,-1,-1,286,1,287,0,5.057070255279541,7.617305278778076,0.6638922913288788,1,0.567421875,0 0 0,3.473 6.626 4.395,0,0,2.661916732788086,4.6699066162109375,0.5700149813590722,0.3149581589958159,1
43729,155,48247,Mute,1,1.0,0.25,23,24,1,measured,262,0,1,239,0,21,8080,-1,-1,23,1,24,0,0.3577831983566284,9.075570106506348,0.039422669227152006,1,0.963359375,0 0 0,0.390 0.332 0.359,0,1.0,0.25,286,286,1,measured,525,0,1,240,0,284,8080,-1,-1,-1,0,-1,-2,7.007258892059326,8.64959716796875,0.8101254608721731,1,0.6136867088607595,0 -2 -2,7.669 3.817 5.486,0,0,2.8902108669281006,5.1446757316589355,0.5617867903981837,0.23682008368200838,1
43730,156,48248,Mute,1,1.0,0.25,23,23,1,measured,262,0,1,240,0,21,8080,-1,-1,-1,0,-1,-2,8.435235023498535,10.030562400817871,0.8409533470237665,1,0.5973101265822784,0 -2 -2,8.322 5.834 8.700,0,1.0,0.25,286,288,1,measured,525,0,1,238,0,284,8080,-1,-1,287,1,288,0,4.5390625,7.840015888214111,0.5789608802736699,1,0.593515625,0 0 0,3.676 5.299 5.467,0,0,2.9288933277130127,4.3405842781066895,0.6747693720603348,0.3684100418410042,1
43731,157,48249,Mute,1,1.0,0.25,23,23,0,vbi_ambiguous,262,0,1,240,0,21 23,8080 4c20,23,25,-1,0,-1,1,5.875186920166016,8.119453430175781,0.7235938934425075,1,0.6091981132075471,0 1 1,6.246 4.635 4.758,0,1.0,0.25,286,288,1,measured,525,0,1,238,0,284,8080,-1,-1,287,1,288,0,4.396552562713623,9.095076560974121,0.4833991812206069,1,0.5796875,0 0 0,3.355 5.496 4.615,0,0,2.5417425632476807,4.2664008140563965,0.5957580344709924,0.34471757322175733,1
43732,158,48250,Mute,1,1.0,0.25,23,25,1,measured,262,0,1,238,0,21,8080,-1,-1,24,1,25,0,3.957216739654541,6.774174690246582,0.5841621925327847,1,0.601640625,0 0 0,3.199 4.731 3.108,0,1.0,0.25,286,288,1,measured,525,0,1,238,0,284,8080,-1,-1,287,1,288,0,0.4239453077316284,9.10242748260498,0.04657497228533827,1,0.9565625,0 0 0,0.474 0.402 0.394,0,0,3.1091206073760986,5.776373386383057,0.5382478588910802,0.16056485355648537,1
43733,159,48251,Mute,1,1.0,0.25,23,23,0,vbi_ambiguous,262,0,1,240,0,21 23,8080 4fd6,23,25,-1,0,-1,1,6.5472092628479,6.982197284698486,0.9377004109001812,1,0.5696540880503145,0 1 1,5.638 5.436 5.548,0,1.0,0.25,286,286,1,measured,525,0,1,240,0,284,8080,-1,-1,-1,0,-1,0,4.816279411315918,8.452810287475586,0.5697843968475352,1,0.576484375,0 0 0,3.638 5.808 5.697,0,0,2.3922479152679443,4.130676746368408,0.5791418845280379,0.41239539748953974,1
43734,160,48252,Mute,1,1.0,0.25,23,23,0,vbi_ambiguous,262,0,1,240,0,21 24,8080 4552,24,26,-1,0,-1,1,7.306161403656006,9.489912986755371,0.7698870805088387,1,0.5618710691823899,0 1 1,7.821 6.099 5.673,0,1.0,0.25,286,286,1,measured,525,0,1,240,0,284,8080,-1,-1,-1,0,-1,0,5.347460746765137,7.812853813171387,0.684443978428223,1,0.54671875,0 0 0,4.071 6.459 5.663,0,0,2.6581711769104004,4.0725507736206055,0.6527042447520466,0.35219665271966527,1
43735,161,48253,Mute,1,1.0,0.25,23,23,0,vbi_ambiguous,262,0,1,240,0,21 24,8080 20b3,24,26,-1,0,-1,0,5.179345607757568,7.682694435119629,0.6741574393589584,1,0.568359375,0 0 0,3.964 6.289 5.603,0,1.0,0.25,286,288,1,measured,525,0,1,238,0,284,8080,-1,-1,287,1,288,0,5.206416130065918,8.215350151062012,0.6337424497229587,1,0.585546875,0 0 0,3.968 6.378 5.580,0,0,2.9680397510528564,3.8366281986236572,0.7736063015221553,0.41197698744769873,1
43736,162,48254,Mute,1,1.0,0.25,23,23,0,vbi_ambiguous,262,0,1,240,0,21 24,8080 b020,24,26,-1,0,-1,0,4.690068244934082,8.012225151062012,0.5853640101854125,1,0.567421875,0 0 0,3.729 5.597 4.775,0,1.0,0.25,286,286,1,measured,525,0,1,240,0,284,8080,-1,-1,-1,0,-1,0,5.13259744644165,8.013728141784668,0.640475613301578,1,0.586015625,0 0 0,3.955 6.293 5.016,0,0,2.888822317123413,3.844282388687134,0.7514594467941724,0.39848326359832636,1
43737,163,48255,Relock,1,1.0,0.25,23,23,0,vbi_ambiguous,262,0,1,240,0,21 24,8080 4f49,24,26,-1,0,-1,0,4.449140548706055,9.312627792358398,0.4777535028681009,1,0.585625,0 0 0,3.679 5.169 4.378,0,1.0,0.25,286,286,1,measured,525,0,1,240,0,284,8080,-1,-1,-1,0,-1,0,4.212939262390137,9.447504043579102,0.445931459034772,1,0.536484375,0 0 0,3.418 5.008 4.191,0,0,3.4312078952789307,4.558296203613281,0.7527391248859766,0.34131799163179916,1
43738,164,48256,Program,0,1.0,0.25,23,23,0,vbi_ambiguous,262,0,1,240,0,21 24,8080 4c20,24,26,-1,0,-1,0,4.368603706359863,10.186134338378906,0.4288774878905744,1,0.595,0 0 0,3.489 5.236 3.618,0,1.0,0.25,286,286,1,measured,525,0,1,240,0,284,8080,-1,-1,-1,0,-1,0,5.320517539978027,10.565497398376465,0.5035747338119262,1,0.56546875,0 0 0,4.098 6.607 4.245,0,0,3.4050843715667725,4.225203990936279,0.8058982190850924,0.38844142259414227,1
43739,165,48257,Program,0,1.0,0.25,23,23,1,measured,262,0,1,240,0,21,8080,-1,-1,-1,0,-1,0,4.642773628234863,10.007822036743164,0.4639144872070244,1,0.555625,0 0 0,3.712 5.614 3.677,0,1.0,0.25,286,286,1,measured,525,0,1,240,0,284,8080,-1,-1,-1,0,-1,0,5.617509841918945,10.605051040649414,0.5297013489503158,1,0.56390625,0 0 0,5.376 6.121 3.700,0,0,3.5100245475769043,4.364068508148193,0.8043009730537696,0.35706066945606696,1
43740,166,48258,Program,0,1.0,0.25,23,24,1,measured,262,0,1,239,0,21,8080,-1,-1,23,1,24,0,5.597695350646973,10.276199340820312,0.5447242861873219,1,0.5625,0 0 0,4.555 6.757 4.021,0,1.0,0.25,286,286,1,measured,525,0,1,240,0,284,8080,-1,-1,-1,0,-1,0,7.183818340301514,12.054244995117188,0.5959575521495923,1,0.57015625,0 0 0,8.299 6.629 3.639,0,0,3.9400923252105713,4.764217853546143,0.8270176650880582,0.35559623430962345,1
43741,167,48259,Program,0,1.0,0.25,23,24,1,measured,262,0,1,239,0,21,8080,-1,-1,23,1,24,0,6.500869274139404,11.316008567810059,0.5744843011724134,1,0.557734375,0 0 0,6.000 7.343 3.645,0,1.0,0.25,287,287,1,measured,525,0,1,239,0,284,8080,-1,-1,286,1,287,0,8.715654373168945,13.09239387512207,0.6657036487215889,1,0.593203125,0 0 0,11.263 7.081 3.751,0,0,4.088167190551758,5.041042327880859,0.8109765648943343,0.3390167364016736,1
43742,168,48260,Program,0,1.0,0.25,23,23,1,measured,262,0,1,240,0,21,8080,-1,-1,-1,0,-1,-1,16.48345184326172,17.56110382080078,0.9386341548608917,1,0.6025157232704402,0 -2 -1,21.363 9.071 5.265,0,1.0,0.25,286,286,1,measured,525,0,1,240,0,284,8080,-1,-1,-1,0,-1,0,10.4263277053833,13.946944236755371,0.7475707601888921,1,0.588671875,0 0 0,12.489 9.250 6.016,0,0,3.585361957550049,4.820090293884277,0.7438370941098655,0.3528765690376569,1
43743,169,48261,Program,0,1.0,0.25,23,23,1,measured,262,0,1,240,0,21,8080,-1,-1,-1,0,-1,0,20.151386260986328,20.939661026000977,0.9623549414655834,1,0.55546875,0 1 1,30.647 9.773 3.970,0,1.0,0.25,286,286,1,measured,525,0,1,240,0,284,8080,-1,-1,-1,0,-1,0,11.094961166381836,14.00444221496582,0.7922458457163847,1,0.545078125,0 0 0,15.041 8.588 4.218,0,0,3.3531410694122314,4.632059574127197,0.7238985198164365,0.33676778242677824,1
43744,170,48262,Program,0,1.0,0.25,23,23,1,measured,262,0,1,240,0,21,8080,-1,-1,-1,0,-1,0,22.466026306152344,25.11943817138672,0.8943681842272712,1,0.5675,0 0 0,32.654 14.611 4.461,0,1.0,0.25,286,286,1,measured,525,0,1,240,0,284,8080,-1,-1,-1,0,-1,0,11.74649429321289,14.155974388122559,0.8297905867270203,1,0.547578125,0 0 0,16.006 9.045 3.724,0,0,4.083879470825195,5.435948848724365,0.7512726084211673,0.33514644351464434,1
43745,171,48263,Program,0,1.0,0.25,23,23,1,measured,262,0,1,240,0,21,8080,-1,-1,-1,0,-1,0,23.428144454956055,26.457595825195312,0.8854978589039318,1,0.5840625,0 0 0,31.117 18.058 4.643,0,1.0,0.25,286,286,1,measured,525,0,1,240,0,284,8080,-1,-1,-1,0,-1,0,11.785390853881836,15.109424591064453,0.7800026257023438,1,0.5765625,0 0 0,15.524 9.669 3.582,0,0,5.212198257446289,6.656938552856445,0.7829722651127329,0.33802301255230127,1
43746,172,48264,Program,0,1.0,0.25,23,25,1,measured,262,0,1,238,0,21,8080,-1,-1,24,1,25,0,25.379444122314453,28.181121826171875,0.9005831733335933,1,0.607109375,0 0 0,34.996 18.191 6.269,0,1.0,0.25,286,286,1,measured,525,0,1,240,0,284,8080,-1,-1,-1,0,-1,0,12.9522066116333,16.184444427490234,0.8002873790114916,1,0.57765625,0 0 0,15.218 12.487 4.058,0,0,7.440643787384033,8.603415489196777,0.8648476638989684,0.3805439330543933,1
43747,173,48265,Program,0,1.0,0.25,23,23,1,measured,262,0,1,240,0,21,8080,-1,-1,-1,0,-1,0,25.708768844604492,28.657007217407227,0.8971198091121018,1,0.6028125,0 0 0,34.726 19.352 5.411,0,1.0,0.25,286,286,1,measured,525,0,1,240,0,284,8080,-1,-1,-1,0,-1,0,15.825780868530273,19.643945693969727,0.8056314711452522,1,0.548671875,0 0 0,20.966 13.354 3.562,0,0,4.52811336517334,6.2533392906188965,0.7241112555600977,0.3506799163179916,1
43748,174,48266,Program,0,1.0,0.25,23,23,1,measured,262,0,1,240,0,21,8080,-1,-1,-1,0,-1,0,27.231971740722656,30.03182029724121,0.9067706010222846,1,0.55734375,0 0 0,30.870 26.612 4.772,0,1.0,0.25,286,286,1,measured,525,0,1,240,0,284,8080,-1,-1,-1,0,-1,0,17.49991226196289,20.75641632080078,0.8431085593723409,1,0.546171875,0 0 0,20.643 17.174 4.108,0,0,4.5201191902160645,6.215013027191162,0.7272903806380121,0.35857740585774056,1
43749,175,48267,Program,0,1.0,0.25,23,23,1,measured,262,0,1,240,0,21,8080,-1,-1,-1,0,-1,0,25.592607498168945,28.63725471496582,0.8936822943714035,1,0.5703125,0 0 0,29.097 24.862 4.538,0,1.0,0.25,286,286,1,measured,525,0,1,240,0,284,8080,-1,-1,-1,0,-1,0,17.4521484375,20.407939910888672,0.8551646326726194,1,0.560859375,0 0 0,18.018 19.714 3.829,0,0,5.228329658508301,6.82904577255249,0.7656017886894482,0.35418410041841003,1
