capture,ordinal,field,previous_bottom_line,bottom_line,previous_band_marker,band_marker
w_300s,41,1,260,259,261,260
w_300s,42,1,259,260,260,261
w_300s,45,1,260,259,261,260
w_300s,46,1,259,260,260,261
w_300s,48,2,521,522,522,523
w_300s,49,1,260,259,261,260
w_300s,50,2,522,521,523,522
w_300s,51,2,521,522,522,523
w_300s,58,2,522,521,523,522
w_300s,60,2,521,522,522,523
w_300s,62,2,522,521,523,522
w_300s,63,1,259,260,260,261
w_300s,64,1,260,259,261,260
w_300s,64,2,521,522,522,523
w_300s,65,2,522,521,523,522
w_300s,66,1,259,260,260,261
w_300s,73,2,521,522,522,523
w_300s,75,1,260,259,261,260
w_300s,75,2,522,521,523,522
w_300s,76,1,259,260,260,261
w_300s,76,2,521,522,522,523
w_300s,77,2,522,521,523,522
w_300s,78,1,260,259,261,260
w_300s,78,2,521,522,522,523
w_300s,80,2,522,521,523,522
w_300s,81,2,521,522,522,523
w_300s,82,2,522,521,523,522
w_300s,83,1,259,260,260,261
w_300s,86,1,260,259,261,260
w_300s,87,2,521,522,522,523
w_300s,105,1,259,260,260,261
w_300s,105,2,522,521,523,522
w_300s,108,1,260,259,261,260
w_300s,109,1,259,260,260,261
w_300s,110,1,260,259,261,260
w_300s,111,1,259,260,260,261
w_300s,144,1,260,259,261,260
w_300s,145,1,259,260,260,261
w_300s,157,1,260,259,261,260
w_300s,158,1,259,260,260,261
w_300s,160,1,260,259,261,260
w_300s,161,1,259,260,260,261
w_300s,163,1,260,259,261,260
w_300s,165,1,259,260,260,261
w_300s,167,1,260,259,261,260
w_300s,168,1,259,260,260,261
w_300s,229,2,521,522,522,523
w_300s,230,1,260,259,261,260
w_300s,239,2,522,521,523,522
w_300s,240,2,521,522,522,523
w_300s,243,2,522,521,523,522
w_300s,245,1,259,260,260,261
w_300s,258,2,521,522,522,523
w_300s,259,1,260,259,261,260
w_300s,280,1,259,260,260,261
w_300s,280,2,522,521,523,522
w_300s,281,1,260,259,261,260
w_300s,282,1,259,260,260,261
w_300s,308,1,260,259,261,260
w_300s,309,1,259,260,260,261
w_300s,319,1,260,259,261,260
w_300s,320,1,259,260,260,261
w_300s,342,1,260,259,261,260
w_300s,343,1,259,260,260,261
w_300s,344,1,260,259,261,260
w_300s,345,1,259,260,260,261
w_300s,346,1,260,259,261,260
w_300s,349,1,259,260,260,261
w_300s,376,2,521,522,522,523
w_300s,377,1,260,259,261,260
w_300s,378,2,522,521,523,522
w_300s,379,2,521,522,522,523
w_300s,386,2,522,521,523,522
w_300s,387,2,521,522,522,523
w_300s,388,2,522,521,523,522
w_300s,389,2,521,522,522,523
w_300s,393,2,522,521,523,522
w_300s,395,1,259,260,260,261
w_300s,440,1,260,259,261,260
w_300s,440,2,521,522,522,523
w_300s,451,1,259,260,260,261
w_300s,451,2,522,521,523,522
w_300s,452,2,521,522,522,523
w_300s,453,2,522,521,523,522
w_300s,454,1,260,259,261,260
w_300s,454,2,521,522,522,523
w_300s,455,2,522,521,523,522
w_300s,456,2,521,522,522,523
w_300s,457,2,522,521,523,522
w_300s,458,2,521,522,522,523
w_300s,459,2,522,521,523,522
w_300s,460,2,521,522,522,523
w_300s,461,2,522,521,523,522
w_300s,463,1,259,260,260,261
w_300s,468,1,260,259,261,260
w_300s,468,2,521,522,522,523
w_300s,474,2,522,521,523,522
w_300s,477,1,259,260,260,261
w_300s,480,1,260,259,261,260
w_300s,481,1,259,260,260,261
w_300s,484,1,260,259,261,260
w_300s,486,1,259,260,260,261
w_300s,519,1,260,259,261,260
w_300s,520,1,259,260,260,261
w_300s,581,1,260,259,261,260
w_300s,582,1,259,260,260,261
w_300s,601,1,260,259,261,260
w_300s,602,1,259,260,260,261
w_2100s,3,2,521,522,522,523
w_2100s,4,1,260,259,261,260
w_2100s,4,2,522,521,523,522
w_2100s,5,1,259,260,260,261
w_2100s,5,2,521,522,522,523
w_2100s,6,1,260,259,261,260
w_2100s,8,2,522,521,523,522
w_2100s,9,1,259,260,260,261
w_2100s,13,2,521,522,522,523
w_2100s,14,2,522,521,523,522
w_2100s,20,2,521,522,522,523
w_2100s,22,1,260,259,261,260
w_2100s,23,1,259,260,260,261
w_2100s,24,1,260,259,261,260
w_2100s,27,1,259,260,260,261
w_2100s,28,1,260,259,261,260
w_2100s,30,1,259,260,260,261
w_2100s,31,1,260,259,261,260
w_2100s,33,2,522,521,523,522
w_2100s,35,1,259,260,260,261
w_2100s,36,2,521,522,522,523
w_2100s,38,2,522,521,523,522
w_2100s,39,2,521,522,522,523
w_2100s,41,1,260,259,261,260
w_2100s,42,2,522,521,523,522
w_2100s,43,1,259,260,260,261
w_2100s,45,2,521,522,522,523
w_2100s,46,2,522,521,523,522
w_2100s,48,2,521,522,522,523
w_2100s,49,2,522,521,523,522
w_2100s,50,2,521,522,522,523
w_2100s,51,1,260,259,261,260
w_2100s,52,1,259,260,260,261
w_2100s,52,2,522,521,523,522
w_2100s,54,2,521,522,522,523
w_2100s,55,1,260,259,261,260
w_2100s,55,2,522,521,523,522
w_2100s,56,1,259,260,260,261
w_2100s,56,2,521,522,522,523
w_2100s,57,1,260,259,261,260
w_2100s,59,1,259,260,260,261
w_2100s,59,2,522,521,523,522
w_2100s,61,2,521,522,522,523
w_2100s,64,1,260,259,261,260
w_2100s,65,2,522,521,523,522
w_2100s,66,1,259,260,260,261
w_2100s,69,2,521,522,522,523
w_2100s,70,2,522,521,523,522
w_2100s,71,1,260,259,261,260
w_2100s,71,2,521,522,522,523
w_2100s,72,2,522,521,523,522
w_2100s,73,1,259,260,260,261
w_2100s,75,2,521,522,522,523
w_2100s,76,1,260,259,261,260
w_2100s,76,2,522,521,523,522
w_2100s,77,1,259,260,260,261
w_2100s,82,2,521,522,522,523
w_2100s,84,2,522,521,523,522
w_2100s,85,2,521,522,522,523
w_2100s,86,2,522,521,523,522
w_2100s,88,2,521,522,522,523
w_2100s,89,1,260,259,261,260
w_2100s,90,1,259,260,260,261
w_2100s,90,2,522,521,523,522
w_2100s,91,2,521,522,522,523
w_2100s,92,1,260,259,261,260
w_2100s,94,2,522,521,523,522
w_2100s,95,1,259,260,260,261
w_2100s,95,2,521,522,522,523
w_2100s,98,1,260,259,261,260
w_2100s,99,1,259,260,260,261
w_2100s,100,1,260,259,261,260
w_2100s,102,1,259,260,260,261
w_2100s,103,1,260,259,261,260
w_2100s,104,1,259,260,260,261
w_2100s,105,1,260,259,261,260
w_2100s,109,2,522,521,523,522
w_2100s,110,1,259,260,260,261
w_2100s,110,2,521,522,522,523
w_2100s,113,2,522,521,523,522
w_2100s,114,1,260,259,261,260
w_2100s,114,2,521,522,522,523
w_2100s,117,1,259,260,260,261
w_2100s,118,1,260,259,261,260
w_2100s,119,1,259,260,260,261
w_2100s,119,2,522,521,523,522
w_2100s,120,2,521,522,522,523
w_2100s,121,1,260,259,261,260
w_2100s,122,1,259,260,260,261
w_2100s,123,1,260,259,261,260
w_2100s,123,2,522,521,523,522
w_2100s,124,2,521,522,522,523
w_2100s,125,1,259,260,260,261
w_2100s,125,2,522,521,523,522
w_2100s,127,1,260,259,261,260
w_2100s,129,1,259,260,260,261
w_2100s,132,2,521,522,522,523
w_2100s,133,1,260,259,261,260
w_2100s,133,2,522,521,523,522
w_2100s,134,1,259,260,260,261
w_2100s,136,2,521,522,522,523
w_2100s,137,2,522,521,523,522
w_2100s,139,1,260,259,261,260
w_2100s,139,2,521,522,522,523
w_2100s,140,2,522,521,523,522
w_2100s,141,1,259,260,260,261
w_2100s,141,2,521,522,522,523
w_2100s,143,2,522,521,523,522
w_2100s,144,1,260,259,261,260
w_2100s,144,2,521,522,522,523
w_2100s,145,1,259,260,260,261
w_2100s,146,2,522,521,523,522
w_2100s,147,2,521,522,522,523
w_2100s,148,1,260,259,261,260
w_2100s,148,2,522,521,523,522
w_2100s,149,1,259,260,260,261
w_2100s,150,2,521,522,522,523
w_2100s,151,1,260,259,261,260
w_2100s,152,2,522,521,523,522
w_2100s,153,1,259,260,260,261
w_2100s,154,1,260,259,261,260
w_2100s,154,2,521,522,522,523
w_2100s,155,1,259,260,260,261
w_2100s,157,1,260,259,261,260
w_2100s,157,2,522,521,523,522
w_2100s,158,1,259,260,260,261
w_2100s,160,1,260,259,261,260
w_2100s,160,2,521,522,522,523
w_2100s,161,1,259,260,260,261
w_2100s,161,2,522,521,523,522
w_2100s,162,1,260,259,261,260
w_2100s,162,2,521,522,522,523
w_2100s,164,1,259,260,260,261
w_2100s,165,1,260,259,261,260
w_2100s,167,1,259,260,260,261
w_2100s,168,2,522,521,523,522
w_2100s,169,2,521,522,522,523
w_2100s,172,1,260,259,261,260
w_2100s,172,2,522,521,523,522
w_2100s,173,1,259,260,260,261
w_2100s,175,1,260,259,261,260
w_2100s,175,2,521,522,522,523
w_2100s,177,1,259,260,260,261
w_2100s,178,1,260,259,261,260
w_2100s,187,2,522,521,523,522
w_2100s,189,1,259,260,260,261
w_2100s,189,2,521,522,522,523
w_2100s,190,2,522,521,523,522
w_2100s,191,1,260,259,261,260
w_2100s,191,2,521,522,522,523
w_2100s,192,1,259,260,260,261
w_2100s,192,2,522,521,523,522
w_2100s,193,2,521,522,522,523
w_2100s,196,1,260,259,261,260
w_2100s,196,2,522,521,523,522
w_2100s,197,1,259,260,260,261
w_2100s,198,2,521,522,522,523
w_2100s,199,2,522,521,523,522
w_2100s,200,2,521,522,522,523
w_2100s,201,2,522,521,523,522
w_2100s,202,1,260,259,261,260
w_2100s,202,2,521,522,522,523
w_2100s,204,1,259,260,260,261
w_2100s,205,1,260,259,261,260
w_2100s,206,1,259,260,260,261
w_2100s,206,2,522,521,523,522
w_2100s,208,2,521,522,522,523
w_2100s,209,1,260,259,261,260
w_2100s,215,1,259,260,260,261
w_2100s,216,1,260,259,261,260
w_2100s,218,1,259,260,260,261
w_2100s,220,2,522,521,523,522
w_2100s,221,2,521,522,522,523
w_2100s,222,1,260,259,261,260
w_2100s,225,1,259,260,260,261
w_2100s,226,1,260,259,261,260
w_2100s,235,2,522,521,523,522
w_2100s,236,2,521,522,522,523
w_2100s,238,1,259,260,260,261
w_2100s,239,1,260,259,261,260
w_2100s,242,1,259,260,260,261
w_2100s,243,1,260,259,261,260
w_2100s,246,1,259,260,260,261
w_2100s,247,1,260,259,261,260
w_2100s,249,1,259,260,260,261
w_2100s,250,2,522,521,523,522
w_2100s,251,2,521,522,522,523
w_2100s,252,1,260,259,261,260
w_2100s,253,1,259,260,260,261
w_2100s,254,1,260,259,261,260
w_2100s,260,1,259,260,260,261
w_2100s,261,1,260,259,261,260
w_2100s,267,1,259,260,260,261
w_2100s,268,1,260,259,261,260
w_2100s,268,2,522,521,523,522
w_2100s,269,1,259,260,260,261
w_2100s,270,1,260,259,261,260
w_2100s,271,1,259,260,260,261
w_2100s,272,2,521,522,522,523
w_2100s,273,1,260,259,261,260
w_2100s,274,2,522,521,523,522
w_2100s,275,2,521,522,522,523
w_2100s,276,1,259,260,260,261
w_2100s,277,1,260,259,261,260
w_2100s,278,2,522,521,523,522
w_2100s,279,1,259,260,260,261
w_2100s,280,2,521,522,522,523
w_2100s,282,2,522,521,523,522
w_2100s,283,2,521,522,522,523
w_2100s,284,1,260,259,261,260
w_2100s,287,1,259,260,260,261
w_2100s,288,1,260,259,261,260
w_2100s,289,1,259,260,260,261
w_2100s,290,2,522,521,523,522
w_2100s,291,2,521,522,522,523
w_2100s,292,1,260,259,261,260
w_2100s,292,2,522,521,523,522
w_2100s,293,1,259,260,260,261
w_2100s,295,1,260,259,261,260
w_2100s,295,2,521,522,522,523
w_2100s,302,2,522,521,523,522
w_2100s,303,1,259,260,260,261
w_2100s,303,2,521,522,522,523
w_2100s,305,2,522,521,523,522
w_2100s,306,1,260,259,261,260
w_2100s,307,1,259,260,260,261
w_2100s,312,1,260,259,261,260
w_2100s,312,2,521,522,522,523
w_2100s,315,1,259,260,260,261
w_2100s,315,2,522,521,523,522
w_2100s,316,2,521,522,522,523
w_2100s,319,1,260,259,261,260
w_2100s,325,1,259,260,260,261
w_2100s,327,1,260,259,261,260
w_2100s,328,1,259,260,260,261
w_2100s,329,1,260,259,261,260
w_2100s,329,2,522,521,523,522
w_2100s,330,1,259,260,260,261
w_2100s,333,1,260,259,261,260
w_2100s,333,2,521,522,522,523
w_2100s,334,2,522,521,523,522
w_2100s,335,1,259,260,260,261
w_2100s,336,2,521,522,522,523
w_2100s,338,1,260,259,261,260
w_2100s,338,2,522,521,523,522
w_2100s,339,1,259,260,260,261
w_2100s,339,2,521,522,522,523
w_2100s,340,1,260,259,261,260
w_2100s,341,1,259,260,260,261
w_2100s,344,1,260,259,261,260
w_2100s,346,2,522,521,523,522
w_2100s,347,1,259,260,260,261
w_2100s,347,2,521,522,522,523
w_2100s,348,1,260,259,261,260
w_2100s,349,1,259,260,260,261
w_2100s,351,1,260,259,261,260
w_2100s,353,1,259,260,260,261
w_2100s,354,1,260,259,261,260
w_2100s,355,1,259,260,260,261
w_2100s,356,1,260,259,261,260
w_2100s,361,1,259,260,260,261
w_2100s,364,1,260,259,261,260
w_2100s,364,2,522,521,523,522
w_2100s,365,1,259,260,260,261
w_2100s,366,2,521,522,522,523
w_2100s,367,1,260,259,261,260
w_2100s,373,1,259,260,260,261
w_2100s,373,2,522,521,523,522
w_2100s,376,2,521,522,522,523
w_2100s,378,1,260,259,261,260
w_2100s,378,2,522,521,523,522
w_2100s,380,1,259,260,260,261
w_2100s,380,2,521,522,522,523
w_2100s,381,1,260,259,261,260
w_2100s,381,2,522,521,523,522
w_2100s,382,1,259,260,260,261
w_2100s,384,1,260,259,261,260
w_2100s,385,1,259,260,260,261
w_2100s,385,2,521,522,522,523
w_2100s,386,1,260,259,261,260
w_2100s,386,2,522,521,523,522
w_2100s,387,1,259,260,260,261
w_2100s,387,2,521,522,522,523
w_2100s,388,1,260,259,261,260
w_2100s,391,1,259,260,260,261
w_2100s,392,1,260,259,261,260
w_2100s,393,2,522,521,523,522
w_2100s,394,1,259,260,260,261
w_2100s,395,2,521,522,522,523
w_2100s,396,1,260,259,261,260
w_2100s,399,2,522,521,523,522
w_2100s,400,2,521,522,522,523
w_2100s,403,1,259,260,260,261
w_2100s,404,1,260,259,261,260
w_2100s,405,1,259,260,260,261
w_2100s,405,2,522,521,523,522
w_2100s,406,2,521,522,522,523
w_2100s,407,1,260,259,261,260
w_2100s,409,1,259,260,260,261
w_2100s,409,2,522,521,523,522
w_2100s,410,2,521,522,522,523
w_2100s,411,1,260,259,261,260
w_2100s,412,1,259,260,260,261
w_2100s,413,1,260,259,261,260
w_2100s,425,1,259,260,260,261
w_2100s,426,1,260,259,261,260
w_2100s,428,1,259,260,260,261
w_2100s,429,1,260,259,261,260
w_2100s,433,1,259,260,260,261
w_2100s,434,1,260,259,261,260
w_2100s,438,1,259,260,260,261
w_2100s,439,1,260,259,261,260
w_2100s,441,1,259,260,260,261
w_2100s,442,1,260,259,261,260
w_2100s,448,2,522,521,523,522
w_2100s,449,1,259,260,260,261
w_2100s,450,2,521,522,522,523
w_2100s,455,1,260,259,261,260
w_2100s,457,1,259,260,260,261
w_2100s,457,2,522,521,523,522
w_2100s,458,2,521,522,522,523
w_2100s,461,1,260,259,261,260
w_2100s,462,1,259,260,260,261
w_2100s,465,1,260,259,261,260
w_2100s,467,2,522,521,523,522
w_2100s,468,2,521,522,522,523
w_2100s,469,1,259,260,260,261
w_2100s,471,1,260,259,261,260
w_2100s,471,2,522,521,523,522
w_2100s,472,1,259,260,260,261
w_2100s,472,2,521,522,522,523
w_2100s,473,1,260,259,261,260
w_2100s,474,1,259,260,260,261
w_2100s,481,1,260,259,261,260
w_2100s,482,1,259,260,260,261
w_2100s,485,1,260,259,261,260
w_2100s,490,1,259,260,260,261
w_2100s,491,1,260,259,261,260
w_2100s,491,2,522,521,523,522
w_2100s,492,2,521,522,522,523
w_2100s,494,1,259,260,260,261
w_2100s,495,1,260,259,261,260
w_2100s,496,1,259,260,260,261
w_2100s,498,1,260,259,261,260
w_2100s,500,1,259,260,260,261
w_2100s,501,1,260,259,261,260
w_2100s,504,1,259,260,260,261
w_2100s,505,1,260,259,261,260
w_2100s,507,1,259,260,260,261
w_2100s,509,1,260,259,261,260
w_2100s,512,1,259,260,260,261
w_2100s,515,1,260,259,261,260
w_2100s,522,1,259,260,260,261
w_2100s,524,1,260,259,261,260
w_2100s,525,1,259,260,260,261
w_2100s,528,1,260,259,261,260
w_2100s,529,1,259,260,260,261
w_2100s,530,1,260,259,261,260
w_2100s,532,1,259,260,260,261
w_2100s,533,1,260,259,261,260
w_2100s,535,1,259,260,260,261
w_2100s,538,1,260,259,261,260
w_2100s,540,1,259,260,260,261
w_2100s,542,1,260,259,261,260
w_2100s,547,2,522,521,523,522
w_2100s,548,1,259,260,260,261
w_2100s,548,2,521,522,522,523
w_2100s,549,1,260,259,261,260
w_2100s,551,1,259,260,260,261
w_2100s,552,1,260,259,261,260
w_2100s,553,2,522,521,523,522
w_2100s,554,1,259,260,260,261
w_2100s,558,2,521,522,522,523
w_2100s,559,1,260,259,261,260
w_2100s,559,2,522,521,523,522
w_2100s,562,1,259,260,260,261
w_2100s,562,2,521,522,522,523
w_2100s,563,2,522,521,523,522
w_2100s,565,2,521,522,522,523
w_2100s,568,2,522,521,523,522
w_2100s,569,1,260,259,261,260
w_2100s,569,2,521,522,522,523
w_2100s,570,1,259,260,260,261
w_2100s,570,2,522,521,523,522
w_2100s,571,2,521,522,522,523
w_2100s,572,2,522,521,523,522
w_2100s,574,1,260,259,261,260
w_2100s,575,1,259,260,260,261
w_2100s,584,2,521,522,522,523
w_2100s,585,1,260,259,261,260
w_2100s,585,2,522,521,523,522
w_2100s,586,1,259,260,260,261
w_2100s,598,1,260,259,261,260
w_2100s,598,2,521,522,522,523
w_2100s,599,1,259,260,260,261
w_2100s,599,2,522,521,523,522
w_2100s,601,2,521,522,522,523
w_2100s,602,1,260,259,261,260
w_2100s,602,2,522,521,523,522
w_2100s,604,1,259,260,260,261
w_2100s,605,2,521,522,522,523
w_2100s,606,1,260,259,261,260
w_2100s,606,2,522,521,523,522
w_2100s,608,1,259,260,260,261
w_2100s,614,2,521,522,522,523
w_2100s,615,1,260,259,261,260
w_2100s,615,2,522,521,523,522
w_2100s,617,1,259,260,260,261
